RecordID,title,target_or_only_language,original_language,monolingual,multilingual,monolingual_translations
9911764860101488,"Andreae Vallensis vulgò Del Vavlx ... Paratitla sive Svmmaria et methodica explicatio decretalivm D. Gregorii papæ IX.Opus nouum, in scholis ac foro, iuris vtriusque atque etiam S. theologiæ studiosis vtilissimum./Paratitla sive Summaria et methodica explicatio decretalium D. Gregorii papae IX. Opus novum, in scholis ac foro, iuris utriusque atque etiam S. theologiae studiosis utilissimum",lat,,1,0,0
9928651310101488,"De dialectis diversis declinationvm Graecanicarum, tam in uerbis, quàm nominibus ex Corintho, Ioan. Grammatico, Plvtarcho, Ioan. Philopono atque alijs eiusdem claßis,collectore Hadriano Amerotio .../De dialectis diversis declinationum Graecanicarum, tam in verbis quàm nominibus",gre|lat,,0,1,0
9913468660101488,Colloquj di Gio. Lodovico Vives Latini e Italianitradotti da un sacerdote Fiorentino per esercizio dell'una e dell'altra lingua./Colloqui,lat|ita,lat,0,1,0
9923697040101488,"Institvtiones lingvæ Græcæ,N. Clenardo avthore, cvm scholiis & praxi P. Antesignani Rapistagnensis. Nunc verò denuò recusæ, & àmendis infinitis repurgatæ .../Institutiones linguæ Græcæ, N. Clenardo authore, cum scholiis & praxi P. Antesignani Rapistagnensis. Nunc verò denuò recusæ, & àmendis infinitis repurgatæ ...",lat|grc,,0,1,0
9915738930101488,"Justi LipsI De constantia libri duo, qui alloquium præcipuè continent in publicis malis.De constantia libri duo",lat,,1,0,0
9918954240101488,Lysiæ atheniensis vnivs decem græciæ oratorvm Orationes XXXIV. quæ de CCC. reliqvæ svnt :nunc primùm de Græcis Latinè redditæ & politicis notis illustratæ à Iodoco Vander-Heidio .../Lysiae atheniensis unius decem graeciae oratorum Orationes XXXIV. quae de CCC. reliquae sunt,lat|grc,grc,0,1,0
9916348730101488,Pugna Porcorumper P. Porcium poëtam.,fre|lat,,0,1,0
9915804150101488,"Lettre de l'auteur du Plan de l'institut des séminaires généraux, au Sr. Emmanuel Flon, imprimeur-libraire, rue des Fripiers, à Bruxelles.",fre,,1,0,0
9981058770101488,Reclamations des trois états du duché de Brabant sur les atteintes portées a leurs droits et loix constitutionnelles au nom de S.M. Joseph II.,dut|fre,,0,1,0
9912087130101488,"Petri Nannii ... Orationes tres.I. In Georgica Vergilij de laudib9 agriculturae. II. In oratore; Ciceronis, de eloque;tiae laudib9. III. In T. Liuium, de laudibus historiae./Orationes tres. I. In Georgica Vergilii de laudibus agriculturae. II. In oratorem Ciceronis, de eloquentiae laudibus.  III. In T. Livium, de laudibus historiae.",lat,,1,0,0
9924442200101488,"Cl. V. Ioannis Wamesii ... Responsorvm sive consiliorvm ad ivs, forvmque civile pertinentivm, centvria prima [-sexta]Responsorum sive consiliorum ad ius, forumque civile pertinentium, centuria prima [secvnda, tertia, qvarta, qvinta, sexta]",lat,,1,0,0
9922761700101488,Justi LipsI Politicorum sive Civilis doctrinæ libri sex ...imperatrici Mariæ Theresiæ ... humillime consecrati a ... Ignatio nobili de Menshengen ... ex prælectionibus R. P. Wolffgangi Rechtenberg .../Justi Lipsii Politicorum sive Civilis doctrinae libri sex ... imperatrici Mariae Theresiae ... humillime consecrati a ... Ignatio nobili de Menshengen ... ex praelectionibus R. P. Wolffgangi Rechtenberg/Politicorum sive Civilis doctrinae libri sex,lat,,1,0,0
99580490101488,"Demosthenis Orationes Olynthiacæ tres, & quatuor Philippicæ,cum quibusdam alijs eiusdem argumenti nunc primùm adiectis, in vsum adolescentum ... separatim editæ.",lat|grc,,0,1,0
9914692980101488,"Confvtatio novitiæ fidei, (quam vocant specialem.)Authore Ioanne Hessels ... Adiunctus est & Tractatus, de cathedræ Petri perpetua protectione & firmitate, eodem autore./Confutatio novitiae fidei quam vocant specialem",lat,,1,0,0
9974931930101488,"Epitome commentariorum Guiliel. Estii ... et Corn. a Lapide ... in omnes D. Pauli epistolasper Joannem a Gorcum, presbyterum, collecta",lat,,1,0,0
9990362560101488,"Opuscula ex. D. Martini Steyaert ...Tomus primus. Quo continentur Assertio censuræ Lovaniensis. Annotationes omnes in propositiones à summis pontificibus damnatas, cum earum assertionibus. Positiones de pontifice ejusque authoritate. Præmittitur manifestum pro schola theologica Lovaniensi.",lat,,1,0,0
9978979460101488,"Exhortation faite par monseignevr l'archidvc d'Avstrice ... l'onzieme d'avril, M.D.LXXIX. Item les poincts & articles proposés ... aux estatz generaux,auec la harengve de messire Elbert Leoninus .../Exhortation faite par monseigneur l'archiduc d'Austrice ... l'onzieme d'avril, M.D.LXXIX. Item les poincts & articles proposés ... aux estatz generaux, avec la harengue de messire Elbert Leoninus ...",fre|lat,lat,0,1,0
9923674640101488,"Institvtiones ac meditationes in Græcam lingvam,N. Clenardo authore, cvm scholiis & praxi P. Antesignani .../Institutiones ac meditationes in Graecam linguam",lat|grc,,0,1,0
9923328350101488,Les commentaires de Vianesius Albergatis,fre|lat,,0,1,0
9921868300101488,"Dictionnaire français-latin, refait sur un plan entièrement neuf  ...Par Fr. Noël ...",fre|lat,,0,1,0
9929818530101488,"Colloquj di Gio: Lodovico Vives Latini, e volgari.Colloqui di Gio. Lodovico Vives Latini, e volgari",ita|lat,lat,0,1,0
997240940101488,"Le prétendu matérialiste,anecdote theologico-doctorale arrivée à Louvain le 22 Juin 1779.",fre,,1,0,0
9923470980101488,Nicolai Clenardi Peregrinationvm ac de rebvs Machometicis epistolae elegantissimae.Peregrinationum ac de rebus Machometicis epistolae elegantissimae.,lat,,1,0,0
9992681003301488,Ludovico Vives tradotto in lingua volgaredal dottor D. Giacinto Garcea di Santo Procopio ...,ita|lat,lat,0,1,0
9980065160101488,"Ludovici Carrionis Antiqvarvm lectionvm commentarii III. In quibus varia scriptorum veterum loca supplentur, corriguntur & illustrantur.Ad ... Franciscvm Nansivm .../Antiquarum lectionum commentarii III. In quibus varia scriptorum veterum loca supplentur, corriguntur & illustrantur. Ad ... Franciscum Nansium ...",lat,,1,0,0
9914924070101488,"Flores Italici, ac Latini sermonis;ex hortis exercitationis Ioannis Lvdovici Viuis excerpti: et ab Horatio Tvscanella Italicè interpretati ...",lat|ita,lat,0,1,0
9911898430101488,Historiæ Flandricæ synopsisab anonymo scriptore Flandriæ generosæ titulo circa annum M.C.LXII exhibita: anno M.DC.XLIII cum brevissimis Georgii Galopini scholiis primùm edita: cum üsdem nunc ... supplemento luci reddita studio Joannis Natalis Paquot.,lat,,1,0,0
993709980101488,"Vita honesta sive Virtvtis,qvomodo qvisqve vivere debeat, omni ætate, omni tempore, & quolibet loco, erga Devm & homines :/avtore Herman. Schoten. Hesso. Cvi adiecta est Institvtio christiani hominis, per Adrianum Barlandum aphorismis digesta. Item, dicta & facta quaedam Alphonsi Regis Aragonum ... ex libri quatuor Antonij Panormitæ ... zusammen verfasset und aus dem Latein verdeutscht von ... Sebastian Leonhart .../Von einem Ehrlichen und Tugendreichen Leben/Vita honesta sive virtutis, quomodo quisque vivere debeat",lat|ger,,0,1,0
991648410101488,Ioannis Despauterii Niniuitæ Grammaticæ prima pars:quadringẽtis versibus breuior prima parte Alexãdri: nulla regula pueris necessaria omissa: vt perlegẽti patebit/Grammaticae prima pars,lat,,1,0,0
99573790101488,"Breves observationes de doctrina sacra et locis theologicis, item de Deo Opt. Max. et attributis divinis.Authore Gummaro Huygens ...",lat,,1,0,0
9910860280101488,Ivsti LipsI sapientiæ et litterarvm antistitis fama postuma.Iusti Lipsi sapientiae et litterarum antistitis fama postuma.,lat,,1,0,0
9924914210101488,Ivsti LipsI V. C. Opera omnia septem tomis distinctaJusti Lipsii V. C. Opera omnia septem tomis distincta/Opera omnia septem tomis distincta,lat,,1,0,0
9915437500101488,"Ornatissimo, doctissimoque domino, Joanni Baptistæ Hellebaut ... in publico quatuor pædagogiorum concursu primo in artibus, omnium votis solemniter renuntiato Lovanii XX. augusti MDCCXCIII.",lat,,1,0,0
9927883730101488,"Ατηναγορου Ατηναιου ... Απολογία περι Χριςτανον.Του αυτυ περι αναστασεως νεκρωνAthenagoræ Atheniēsis ... apologia pro Christianis, ad imperatores Antoninum & Commodum. Eiusdem, De resurrectione mortuorum. .../Απολογία περι Χριςτανον. Του αυτυ περι αναστασεως νεκρων/Athenagorou Athenaiou ... apologia peri christianôn. Tou autou peri anastaseôs nekrôn./Apologia pro Christianis, ad imperatores Antoninum et Commodum. Eiusdem, De resurrectione mortuorum ...",lat|grc,grc,0,1,0
991290160101488,"Loci argvmentorvm legales.Authore D. Nicolao Everardo ... Nvnc recens recogniti, ac summarijs illustrati ... ./Loci argumentorum legales",lat,,1,0,0
9911944930101488,"Recherches historiques sur l'erection, constitution, droits & priviléges de l'université de Louvain, relatives à la contestation actuelle, correspondance epistolaire.Recherches historiques sur l'erection, constitution, droits et priviléges de l'université de Louvain, relatives à la contestation actuelle, correspondance epistolaire.",fre,,1,0,0
9988697960101488,"Jus ecclesiasticum universum hodiernæ disciplinæ, praesertim Belgii, Galliæ, Germaniæ et vicinarum provinciarum accommodatum ...authore Zegero Bernardo Van Espen ... Tomus primus, continens operum partes tres priores/Zegeri Bernardi Van Espen ... Opera omnia in duos tomos divisa/Opera omnia in duos tomos divisa / Van Espen, Zeger Bernard",lat,,1,0,0
9915410670101488,"Conclusiones theologico-practicæ de sacramentorum administratione ex rituali Romano et manualibus,defensæ Lovanii in Collegio Baiorum præside Martino Steyaert .../Martini Steyartii ... in propositiones a summis pontificibus damnatas annotationes omnes",lat,,1,0,0
996332930101488,Formula secundarum monitorialium,lat,,1,0,0
9923715560101488,Institutiones absolvtissimae in lingvam Græcamper Nicolaum Clenardum. Annotationes in nominum uerborúmque difficultates. Inuestigatio thematis in uerbis anomalis ... Multa ad codicis emendati fidem sunt restituta/Institutiones absolutissimæ  in linguam Graecam per Nicolaum Clenardum. Annotationes in nominum verborumque difficultates. Investigatio thematis in verbis anomalis ... Multa ad codicis emendati fidem sunt restituta,lat|grc,,0,1,0
9925750930101488,"Reverendo admodum, eximioque viro domino Josepho Benedicto de Mazière ex Leysele Furnensi, in alma universitate Lovaniensi sacræ theologiæ doctori, collegii Divæi præsidi meritissimo, electo XXVI maii MDCCLXXXII.",lat,,1,0,0
9923674840101488,"Institvtiones ac meditationes in Græcam lingvam,N. Clenardo avthore, cvm scholiis & praxi P. Antesignani Rapistagnensis./Institutiones ac meditationes in Graecam linguam",lat|grc,,0,1,0
9911845390101488,"Articvli orthodoxam religionem, sanctamqve fidem nostram respicientes.A sacræ theologiæ professoribus Lovaniensis universitatis editi ... ./Articulen onse oprechte christene ghelooue, ende ghemeyne christelyc leeuen aengaende, van den Doctoren der heyligher Godheyt in de Uniuersiteyt van Louen uutghegeven ... ./Articuli orthodoxam religionem, sanctamque fidem nostram respicientes. A sacrae theologiae professoribus Lovaniensis universitatis editi .../Articulen onse oprechte christene gheloove, ende ghemeyne christelyc leeven aengaende van den Doctoren der heyligher Godheyt in de Universiteyt van Loven uutghegeven ...",lat|dut,,0,1,0
9925230390101488,"Ivsti LipsI Epistolica institvtio, excepta è dictantis eius ore, anno MDLXXXVII. mense iunio. Adiunctum est Demetrii Phalerei eiusdem argumenti scriptum.Justi Lipsii Epistolica institutio, excepta è dictantis eius ore, anno MDLXXXVII. mense junio. Adiunctum est Demetrii Phalerei eiusdem argumenti scriptum./Epistolica institvtio, excepta è dictantis eius ore, anno MDLXXXVII. mense iunio. Adiunctum est Demetrii Phalerei eiusdem argumenti scriptum.",lat|grc,,0,1,0
995274110101488,Tractatvs de expositione mysterioru[m] missæ. Sacri canonis missæ duplex expositio. Tractatvs sanctarum meditationum pro cordis in Deo constabilitione.Per fratre[m] Franciscum Titelmannu[m] ... ./Tractatus de expositione mysteriorum missae,lat,,1,0,0
9978987210101488,"Ivst. LipsI De constantia libri duo, qui alloquium præcipuè continent in publicis malis.De constantia libri duo, qui alloquium præcipuè continent in publicis malis.",lat,,1,0,0
99573800101488,"Breves observationes de sacramentis in genere, et tribus primis in specie.Authore Gummaro Huygens ...",lat,,1,0,0
9923675110101488,Πλουταρχος Χαιρονεως Περι παιδων αγωγέςPlvtarchii Chæronensis De liberis edvcandis liber./Plutarchii Chaeronensis De liberis educandis liber./De liberis educandis liber./Ploutarchou Chaironeos Peri paidon agogès.,grc,,1,0,0
9920056420101488,"Synodorvm generalivm ac provincialivm decreta et canones,scholijs, notis, ac historicâ actorum dissertatione illustrati per fr. Christianum Lupum .../Scholia et notæ in canones, et decreta generalium ac provincialium synodorvm/Synodorum generalium ac provincialium decreta et canones, scholiis, notis, ac historica actorum dissertatione illustrati per fr. Christianum Lupum ...",lat,,1,0,0
9983731870101488,"Bvlla plenarii, ivbilei et amplissimarum facultatumper S.D.N. papam ... pro fœlici & prospero successu generalis concilij, kalen. maij M.D.L.I. in ciuitate Tridenti reassumendi .../Bulla plenarii, iubilei et amplissimarum facultatum per S.D.N. papam [...] pro foelici & prospero successu Generalis Concilij, Kalen. Maij M.D.L.I. in Civitate Tridenti reassumendi [...]",lat,,1,0,0
997951220101488,"Ioannis Lodovici Vivis ... De anima & vita libri tres ...Viti Amerbachii De anima libri IIII, Philippi Melanthonis liber vnus. His accedit ... Conradi Gesneri De anima liber, sententiosa breuitate, velutique per tabulas & aphorismos magna ex parte conscriptus ... ./De anima & vita libri tres ... .",lat,,1,0,0
9915397420101488,"Auberti Miræi ... Opera diplomatica, et historica...",lat,,1,0,0
9923483210101488,"Institvtiones in Graecam lingvam ...authore Nicolao Clenardo. His accessit etiam non inutilis sermo de grammaticis, et graeci sermonis fundamẽnto, ex Arist. III de Rhetor et Alexandri Hegii carmen in laudem græcę linguæ./Institutiones in Graecam linguam ...",lat|grc,,0,1,0
9983612320101488,"Du choix d'une religion, ou Des marques auxquelles on peut connoître la véritable.Traduit du latin du R.P. Leonard Lessius,  ...",fre,lat,1,0,1
9992124578001488,L'Utopiede Thomas Morus ... ; Idée ingenieuse pour remedier au malheur des hommes; & pour leur procurer une felicité complette ...,fre,lat,1,0,1
9918173200101488,"Loci argvmentorvm legales,authore D. Nicolao Everhardo ... Accessit praefatio ... Dionysii Gothofredi .../Loci argumentorum legales",lat,,1,0,0
9923692410101488,Nicolai Clenardi Grammatica Græcain qua declinationum & conjugationum exempla novo ordine disposita: utillismæ observationes adjunctæ: thematis investigatio plurimùm aucta ... Accessit exquisita de generibus nominum Græcorum appendix ...,lat|grc,,0,1,0
998885340101488,"Ἰνστιτουτα Θεοφιλου ἈντικηνσωροςInstitouta Theophilou Antikinsooros/Institvtiones ivris civilis in graecam lingvam per Theophilvm Antecessorem olim traductæ ac ... explicatæ: nunc uero primum in lucem restitutæ & recognitæ/cura et studio Viglii Zvichemi Phrysij .../Institutiones iuris civilis in graecam linguam per Theophilum Antecessorum olim traductae ac fusissime ... explicatae, nunc vero primum in lucem restitutae et recognitae cura et studio Viglii Zuichemi ...",grc|lat,,0,1,0
993618490101488,"Ivsti LipsI Ad annales Corn. Taciti liber commentarivs, sive notæAd annales Corn. Taciti liber commentarius, sive notae",lat,,1,0,0
9988123120101488,"Cornelii Iansenii Leerdamensis ... Tetratevchvs, sive Commentarivs in sancta Iesv Christi evangelia.Tetrateuchus, sive Commentarius in sancta Jesu Christi evangelia",lat,,1,0,0
9910858740101488,"Ivsti LipsI Epistolica institvtio, excepta è dictantis eius ore, anno MDLXXXVII mense Iunio. Adiunctum est Demetrij Phalerei eiusdem argumenti scriptumIusti Lipsii Epistolica institutio, excepta e dictantis eius ore, anno MDLXXXVII mense Iunio. Adiunctum est Demetrii Phalerei eiusdem argumenti scriptum",lat|grc,,0,1,0
9989048310101488,Paratitla in Pandectarvm iuris ciuilis libros quinquaginta.Ex prælectionibus D. Matthaei VVesenbecii .../Paratitla in Pandectarum juris civilis libros quinquaginta.,lat,,1,0,0
99567450101488,"Liberti Fromondi ... Meteorologicorum libri sex.Cui accessit in hac ultima editione Thomæ Fieni, & Lib. Fromondi Dissertationes de cometa anni 1618. et Clarorum virorum judicia de pluvia purpurea Bruxellensi",lat,,1,0,0
9912723020101488,"Imposturæ libelli anonymi cui titulus: Accusatio & querela populi Belgici &c.per Joannem Opstraet et eos qui accusantur refutatæ, et doctrina accusatoris denuntiata.",lat,,1,0,0
9914058670101488,Theologiæ practicæ ...Authore ... Nicolao Pauwels ... Pars prima [-quinta].,lat,,1,0,0
9924949470101488,Greek grammar,lat|grc,,0,1,0
9911929930101488,"ErycI Pvteani Ovi encomivm, qvo summum & unicum naturæ miraculum describitur.Ovi encomium, quo summum et unicum naturae miraculum describitur",lat,,1,0,0
9921391030101488,Primvs tomvs Opervm D. Ioannis Driedonis ... De ecclesiasticis scripturis & dogmatibus Libri quatuorPrimus tomus Operum D. Ioannis Driedonis ... De ecclesiasticis scripturis et dogmatibus libri quatuor/De ecclesiasticis scripturis et dogmatibus libri quatuor,lat,,1,0,0
9983977540101488,"Geschiedenis van de geneeskunde. Figuren van het verleden : Johannes-Baptista Van Helmont (1577-1644) : zijn leven, zijn werken, zijn leerHistoire de la médecine. Figures du passé : Jean-Baptiste Van Helmont (1577 - 1644)",dut|fre,,0,1,0
9983880820101488,"Ivsti LipsI De crvce libri tres ad sacram profanamque historiam vtiles, unà cum notis.De cruce libri tres ad sacram profanamque historiam utiles, una cum notis/Justi Lipsii De cruce libri tres ad sacram profanamque historiam utiles, una cum notis",lat,,1,0,0
991629420101488,"Institvtiones lingvæ Græcæ,Nicolao Clenardo authore. Pro cuius meditationibus Latinis, Manuelis Moschopuli veteris grammatici Græcum librum Περι σχεδων eruditiss ... ./Institutiones linguae Graecae",lat|grc,,0,1,0
9980028810101488,Syntaxis Ioannis Despavteriia D. Sebastiano Novimola ... in absolutissimam methodum redacta ... Accessit Erasmi Roterodami De ratione studij parænesis./Syntaxis Ioannis Despauterii,lat,,1,0,0
9911267020101488,Les dialogves de Iean Loys Vives.Les dialogues de Jean Loys Vives.,fre|lat,,0,1,0
9911052860101488,Nicolai Clenardi Institvtiones lingvae. graecaecvm. scholiis. et. praxi P. Antesignani/Institutiones linguae. graecae cum. scholiis. et. praxi P. Antesignani,lat|grc,,0,1,0
9923715400101488,"Meditationes græcanicæ in artem grammaticam,multò quàm antehac castigatiores, autore Nicolao Clenardo. In eorum gratiam, qui uiua præceptoris uoce destituuntur, & literas Græcas suo ipsius ductu discere coguntur./Meditationes graecanicae in artem grammaticam, multo quàm antehac castigatiores, autore Nicolao Clenardo. In eorum gratiam, qui viva praeceptoris voce destituuntur, & literas Graecas suo ipsius ductu discere coguntur",lat|grc,,0,1,0
9911721830101488,"AntonI PerezI ... Institutiones imperiales, erotematibus distinctæ, atque ex ipsis principiis regulisque juris, passim insertis, explicatæ.Institutiones imperiales, erotematibus distinctae, atque ex ipsis principiis regulisque juris, passim insertis, explicatae",lat,,1,0,0
9989258960101488,"Het tweede deel der gedichtenvan Jacob Westerbaen ... waer in Lof der sotheyd, De VI comedien van Terentius. Senecaas Troas, II. Avond-schoolen, of de Minne-kunst, en raed tegen de liefde. Farrago Latina./'t Lof der sotheyt en andere rijmwercken van Iacob Westerbaen",dut|lat,lat,0,1,0
9911747180101488,"Thesavrvs ivris emphytevtici,continens I. Tractatum ... Alvari Valasci ... II. Prælectiones ... Elberti Leonini ... III. Formam seu exemplum integri processus in causis Emphyteuticis ... IV. Decadem votorum cameralium .../Inveniet lector hic præter ivris emphyteutici ... editvs stvdio et opera Rvtgeri Rvlandt .../Thesaurus iuris emphyteutici",lat,,1,0,0
9915416700101488,"Astraea Lovaniensis, sive Doctores V.I. Quotquot à conditâ academiâ supremum hunc titulum adepti. Item decani omnes, qui collegio baccalaureorum V.I. hactenus præfuerunt.",lat,,1,0,0
9923482300101488,"Absolvtissimæ institvtiones in Græcam lingvam :auctore Nicolao Clenardo. Cvm svccinctis annotationibus, ac Latina Græcarum vocum interpretatione./Absolutissimae institutiones in Graecam linguam/Annotationes Renati Guillonii in Grammaticam Graecam Clenardi.",lat|grc,,0,1,0
9992579894501488,"D. Erasmi Roterodami viri vndecunq. doctissimi Lucubrationes, quarum index positus est facie sequenti.",lat,,1,0,0
9916425270101488,"Les dialogvesde Iean Loys Vives, traduits de Latin en François pour l'exercice des deux langues .../Les dialogues de Jean Loys Vives ...",fre|lat,lat,0,1,0
9910918510101488,"Trivmphvs Lovaniensivm ob solvtam vrbis svæ obsidionem, per recessum duorum potentissimorum exercituum, christianissimi Franciæ regis, & Fœderatorum Belgij Ordinum.Stylo Nic. Vernvlæi adornatus./Triumphus Lovaniensium ob solutam urbis suae obsidionem, per recessum duorum potentissimorum exercituum, christianissimi Franciae regis, & Foederatorum Belgij Ordinum.",lat,,1,0,0
9912407030101488,Οδυσσεια. Βατραχομυομαχια. Υμνοι λβ.Vlyssea. Batrachomyomachia. Hymni. XXXII./Odusseia. Batrachomyomachia. Humnoi. lb./Ulyssea,grc,,1,0,0
9915807360101488,"Sentences magnifiques et rectorales, portées le 12 juillet M.DCC.XC par le magnifique seigneur recteur de l'université de Louvain, contre cinq fugitifs membres dudit corps. Avec notes historiques, relatives aux troubles de la même université.",fre|lat,,0,1,0
995766960101488,De voornaemste zede-leeringen begrepen in de brieven van den H. Salesius.,dut,lat,1,0,1
9917097450101488,"Institvtiones ac meditationes in Græcam linguam.Nicolao Clenardo auctore. Cvm Praxi P. Antesigniani Rapitagnensis. Nuper à Flaminio Priamo Lvcensi in meliorem formam redactæ, summaq; diligentia recognitæ, atque indice auctæ locupletissimo./Institutiones ac meditationes in Graecam linguam./Meditationes grammaticae in artem grammaticam, in eorum gratiam, qui vina praeceptoris voce destituuntur, ex literas Graecas suo ipsi ductu discere coguntur./Praxis praeceptorum grammatices.",lat|grc,,0,1,0
9915812760101488,"Messeigneurs, nous avons vu votre représentation du 22 du mois dernier relativement à la lettre de son excellence le comte De Murray ... concernant le Séminaire général ...",fre,,1,0,0
9923325660101488,"Epistola reuerẽdiss. dñi. cardinalis Dertuseñ, ad facultatẽ theologiæ Louaniensem.Eiusdẽ facultatis doctrinalis cõdẽnatio qua cõdẽnat. doctrina Martini Lutherii ... Cõdẽnatio facultatis theologiæ Colonieñ, aduersus eiusdẽ Martini doctrinã/Epistola reverendissimi domini Cardinalis Dertusensis ad facultatem Lovaniensem. Eiusdem facultatis doctrinalis condemnatio qua condemnatur doctrina Martini Lutherii ... Condemnatio facultatis theologiae Coloniensis, adversus eiusdem Martini doctrinam",lat,,1,0,0
9981131960101488,"Flores italici, ac latini sermonis;Ex hortis exercitationis Ioannis Ludovici Viuis excerpti: et ab Horatio Tvscanella italicè interpretati. ...",lat|ita,lat,0,1,0
994082440101488,"Opera D. Avrelii Avgvstini ... tomis decem comprehensa :Per theologos Lovanienses ex manuscriptis codicibus multo labore emendata & ab innumeris erroribus vindicata : illustrata ... & locupletata multis homiliis & aliquot epistolis eiusdem B. Avgvstini, antea non editis/Tomus I [-X] Operum D. Aurelii Augustini Hipponensis episcopi .../Tomvs I [-X] Opervm D. Avrelii Avgvstini Hipponensis episcopi .../Opera D. Aurelii Augustini ... tomis decem comprehensa : Per theologos Lovanienses ex manuscriptis codicibus multo labore emendata et ab innumeris erroribus vindicata : illustrata ... et locupletata multis homiliis et aliquot epistolis eiusdem B. Augustini, antea non editis",lat,,1,0,0
9915125370101488,Responsio ad animadversiones ... D. Petri Dens ... ad quæstionem quodlibeticam per F. Josephum Maugis ... discussam.,lat,,1,0,0
9913200490101488,I.B. Gramaye Antiqvitates illvstrissimi dvcatvs Brabantiæ ...Antiquitates illustrissimi ducatus Brabantiae/Lovanium Brabantiae metropolis,lat,,1,0,0
998290210101488,"Privilegia academiæ Lovaniensi per summos pontifices & supremos Belgii principes concessa, variis edictis, decretis, sententiis, concordatis, &c. confirmata.Privilegia academiae Lovaniensi per summos pontifices et supremos Belgii principes concessa, variis edictis, decretis, sententiis, concordatis, etc. confirmata.",lat|fre|dut,,0,1,0
9980087230101488,"Ortvs medicinæ. Id est, Initia physicæ inavdita. Progressus medicinæ novus, in morborvm vltionem, ad vitam longam.Authore Ioanne Baptista van Helmont ... Edente authoris filio, Francisco Mercvrio van Helmont .../Ortus medicinae id est, Initia physicae inaudita. Progressus medicinae novus, in morborum ultionem, ad vitam longam/Scholarum humoristarum passiva deceptio .../Ioannis Baptistæ van Helmont ... Opvscvla medica inavdita. ... Editio tertia .../Tumulus pestis",lat,,1,0,0
9913792750101488,"ErycI Pvteani Facvla distinctionvm: ad omnem lectionem, & scriptionem necessaria. Eivsdem de eisdem Syntagma, tamquam epitome, in tertiâ hac editione correctum.Facula distinctionum ad omnem lectionem et scriptionem necessaria",lat,,1,0,0
9922785120101488,"Le thresor des dovze livres d'Amadis de Gauleassauoir, les harangues, concions, epistres, complaintes & autres choses les plus excellentes & dignes du lecteur francois./Le thresor des douze livres d'Amadis de Gaule/assavoir, les harangues, concions, epistres, complaintes & autres choses les plus excellentes & dignes du lecteur francois.",fre,,1,0,0
9923675640101488,"Institvtiones ac meditationes in Græcam lingvam,N. Clenardo avthore, cvm scholiis & praxi P. Antesignani .../Institutiones ac meditationes in Graecam linguam",lat|grc,,0,1,0
9923719650101488,N. Clenardi Græcæ lingvæ institvtiones;cvm scholiis et praxi Petri Antesignani ... a Frid. Sylbvrgio denuo recognitæ: notationibusque Henr. Stephani .../N. Clenardi Graecae linguae institutiones cum scholiis et praxi Petri Antesignani Rapistagnensis : a Frid. Sylburgio denuo recognitae : notationibusque Henr. Stephani ...,lat|grc,,0,1,0
9912583100101488,"Biblia ad vetustissima exemplaria nunc recens castigata.Hebræa, Chaldæa, Græca & Latina nomina ... quæ in Biblijs leguntur, restituta, cum Latina interpretatione, ac locorum è cosmographis descriptione .../Bijbel = 71 ""1547""",lat|heb,,0,1,0
9923695340101488,Nicolai Clenardi Grammatica Græca.A Stephano Moqvoto ... recognita ... Addita est syntaxis cum iis partibus grãmaticæ quæ adhuc in Clenardo desideratæ fuerant. Vna cum compendio regularum./Nicolai Clenardi Grammatica Græca. A Stephano Moquoto ... recognita ... Addita est syntaxis cum ijs partibus grammaticæ quæ adhuc in Clenardo desideratæ fuerant. Una cum compendio regularum.,lat|grc,,0,1,0
9910678330101488,Introdvctio in Græcam lingvam ex institvtionibus grammaticisNicolai Clenardi./Introductio in Græcam linguam ex institutionibus grammaticis,lat|grc,,0,1,0
9911601460101488,Ioannis Varennii ... peri prosôidiôn libellus antehac nunquàm excusus ... Emmanouel Moschopoulou peri prosôidiôn. De dialectis Græciscollecta ... per Hadrianum Amerotium ...,lat|grc,,0,1,0
9992683610301488,"Twee edele en trefflijcke philosophische boecken vande stantvastigheyd.Waer in de mensch ... geleerdelijck wordt onderwesen; hoe hy, voor eerst, sijne hertzochten moet breydelen ... Waer by is gevoeght een oratie of vertoogh van de schandtvlecke der lasteringe./In 't Latijn beschreven door Iustum Lipsium./Twee edele en trefflijcke philosophische boecken vande stantvastigheyd./Waer in de mens ... geleerdelijck wordt onderwesen; hoe hy, voor eerst, sijne hertzochten moet breydelen ... Waer by is gevoeght een oratie of vertoogh van de schandtvlecke der lasteringe. In 't Latijn beschreven door Justum Lipsium.",dut,lat,1,0,1
9916291700101488,"Clariss. viri Ivsti LipsI Mvsae errantes.Ex auctoris schedis partem descripsit, sparsas collegit, ac iunctim posteritati edidit Franciscus Sweertivs F. Antverpiensis./Clariss. viri Justi Lipsii Musae errantes./Mvsae errantes",lat,,1,0,0
9923481070101488,"Institvtiones lingvae graecae,N. Clenardo avthore, cvm Scholiis & praxi P. Antesignani Rapistagnensis./Institutiones linguae graecae",lat|grc,,0,1,0
9912093220101488,"Michaelis Lilienthalii ... De Machiavellismo literario, sive De perversis quorundam in republica literaria inclarescendi artibus dissertatio historico-moralis.De Machiavellismo literario sive De perversis quorundam in republica literaria inclarescendi artibus dissertatio historico-moralis",lat,,1,0,0
9915813560101488,Lettre trouvée et nécessairement publiée.,fre,,1,0,0
993616890101488,"C. Plini Panegyricus liber Trajano dictvs,cum annotationibus antehac ineditis/Dominici Bavdiis accedunt Commentariis Justi Lipsii, integræ notæ Joannis Livinæi, Jani Gruteri, Conradi Rittershusii, ac selectæ variorum./Panegyricus liber Trajano dictus",lat,,1,0,0
9923743730101488,"Nicolai Clenardi Institvtiones in Graecam linguam.Unà cum annotationib. in nominum, verborumq, difficultates ... Eiusdem Meditationes Gręcanicę in artem grammaticam .../Ad hac Renati Gvilonii Annotationes in eiusdem grammaticam Græcam accessere. Cum Praxi, siue Usu pręceptorum grammatices, per P. Antesignanvm./Nicolai Clenardi Institutiones in Graecam linguam./Unà cum annotationius in nominum, verborumque, difficultates ... Ejusdem Meditationes Graecanicae in artem grammaticam .../Praxis, seu Usus praeceptorum grammatices græcæ/Institutiones in Graecam linguam./Unà cum annotationius in nominum, verborumque, difficultates ... Ejusdem Meditationes Graecanicae in artem grammaticam ...",lat|grc,,0,1,0
9911859930101488,"Antonii Perezii ... Commentarius in quinque et viginti Digestorum libros.Cui accedunt, institutiones imperiales erotematibus distinctæ ... nec non Jus publicum, quo Arcana & Jura principis exponuntur. Tomus tertius/Commentarius in quinque et viginti Digestorum libros. Cui accedunt, institutiones imperiales erotematibus distinctae ... nec non Jus publicum, quo Arcana & Jura principis exponuntur",lat,,1,0,0
9992275700701488,"Epitome commentariorum Guiliel. Estii ... et Corn. a Lapide ... in omnes D. Pauli epistolas,per Joannem a Gorcum, presbyterum, collecta.",lat,,1,0,0
99566970101488,"Institutiones linguæ Græcæ,olim quidem scriptæ à Nicolao Clenardo, nunc autem ab erroribus multis expurgatæ, ... studio atque operâ Gerardi Jo. Vossii",lat|grc,,0,1,0
9915799210101488,"Réprésentation de la châtélenie d'Audenarde, proposée aux Etats de Flandre ; mais rejettée par les intrigues de quelques membres desdits Etats d'alors. Avril 1788.",fre,,1,0,0
9923484550101488,"Praxis sev Vsvs præceptorvm grammatices graecae.Opus mole quidem perexiguum, sed tamen ad græcos tum oratores, tum poetas intelligendos magno linguae græcæ studiosis futurum usui./Praxis seu Usus praeceptorum grammatices graecae./Opus mole quidem perexiguum, sed tamen ad graecos tum oratores, tum poetas intelligendos magno linguae graecae studiosis futurum usui.",lat|grc,,0,1,0
9911732750101488,Commentarivs brevis ad regvlam s.mi P.N. Avgvstinibreviter complectens magis occurrentes in materiâ Regulari difficultates./Authore ... Laurentio Landtmeter .../Commentarius brevis ad regulam s.mi P. N. Augustini,lat,,1,0,0
995193970101488,"Meditationes græcanicæ in artem grammaticam;in eorum gratiam, qui viua præceptoris voce destituuntur, & literas græcas suo ipsi ductu discere coguntur:/auctore Nicolao Clenardo./Meditationes graecanicae in artem grammaticam; in eorum gratiam, qui viva praeceptoris voce destituuntur, & literas graecas suo ipsi ductu discere coguntur",lat|grc,,0,1,0
9931901380101488,"Institvtiones absolvtissimæ in Græcam lingvam ...Nicolao Clenardo avtore, Adiecta sunt ... annotata Renati Guillonij .../Institutiones absolutissimae in Graecam linguam",gre|lat,,0,1,0
9992241173501488,"Tabvla in grammaticen Hebræam,avctore Nicolao Clenardo/Tabula in grammaticen Hebraeam",heb|lat,,0,1,0
9979991630101488,"Ephemerides novæ, avctæ et repvrgatæIoannis Stadii ... secvndvm Antverpiæ longitvdinem. Ab anno 1554 vsque ad annum 1600./Ephemerides novæ, auctæ et repurgatæ Ioannis Stadii ... secundum Antverpiæ longitudinem. Ab anno 1554 usque ad annum 1600.",lat,,1,0,0
9911804010101488,"Pragmatica sanctio augustissimi ac invictissimi imperatoris Caroli V. Belgii principis, pro unione & successione indivisibili ditionum Belgicarum & comitatus Burgundiæ, anni 1549. Confirmata a Ferdinando Romanorum rege.",lat|fre,,0,1,0
9913923120101488,Theologiæ practicæ aphorismi pars prima [-quarta] ...Authore Martino Steyaert ...,lat,,1,0,0
9928751440101488,"Florentii Conrii ... Peregrinvs Ierichvntinvs, hoc est, De natvra hvmana feliciter instituta, infeliciter lapsa, miserabiliter vulnerata, misericorditer restaurata.Peregrinus Ierichuntinus, hoc est, De natura humana feliciter instituta, infeliciter laspa, miserabiliter vulnerata, misericorditer restaurata",lat,,1,0,0
9989271260101488,"M.T. Ciceronis ex sexto libro De Republica Somnium Scipionis Latino-germanicum& e Macrobij, Ludovici Vivis, & Hieronymi VVolffii Commentariis, et inprimis ex ... Johannis Friderici ... editum operâ & studio M. Johannis Rhenii./Ex sexto libro De Republica Somnium Scipionis Latino-germanicum",lat|ger,,0,1,0
9911590720101488,"Thomae Stapletoni ... Promptvarivm catholicvm, ad instructionem concionatorum contra nostri temporis hæreses, svper evangelia ferialia per totam qvadragesimam ...Promptuarium catholicum, ad instructionem concionatorum contra nostri temporis haereses, super evangelia ferialia per totam quadragesimam ...",lat,,1,0,0
9979961140101488,"Anti-Pvteanus, sive Politico-catholicvs, stateram Puteani inducias expendentis, aliâ staterâ expendens.Anti-Puteanus, sive Politico-catholicus, stateram Puteani inducias expendentis, aliâ staterâ expendens.",lat,,1,0,0
9915276700101488,"Het heillot van den weleerwaarden heer Ivo Joannes-Bapt. Josephus Bosselaer, hem toegezongen toen hij de eerste maal het Heilig Misoffer aan God opdroeg in de parochiale kerk van Onze-Lieve-Vrouwe te Mechelen, den 13 van lente-maand M.D.CCC.XXV.",dut,,1,0,0
9923692380101488,"Nicolai Clenardi Grammatica Græca. Annotationes in nominum, verborumque difficultates ...Additæ svnt regvlæ qvædam syntaxeos ex optimis auctoribus collectæ, quæ ad pleniorem sytaxin [!] in Clenardo, desiderari videbantur. Ad usum scholarum societatis Jesu./Nicolai Clenardi Grammatica Græca. Annotationes in nominum, verborumque difficultates .../Additæ sunt regulæ quædam syntaxeos ex optimis auctoribus collectæ, quæ ad pleniorem sytaxin [!] in Clenardo, desiderari videbantur. Ad usum scholarum societatis Jesu.",lat|grc,,0,1,0
9913182870101488,"Generalis collectionis, omnium operum ... Domini Jacobi Thomæ Josephi Wellens ... Pars prima [-secunda]Der algemeyne verzaemelinge, van de werken van ... Jacobus Thomas Josephus Wellens .../Generalis collectionis, omnium operum ... Domini Jacobi Thomae Josephi Wellens ... pars prima [- secunda]",lat|dut,,0,1,0
9992672609701488,"Lashon Limudim. Perfectissima hebraea grammatica, commodo admodvm ordine in tres libros distincta.Quorum primus simpliciora tantùm docet: secundus perfectiora & grauiora paulò: tertius difficillima quæque absolutissimè & accuratissimè tradit,/authore Iohanne Isaac .../Lashon Limudim. Perfectissima hebraea grammatica, commodo admodum ordine in tres libros distincta./Quorum primus simpliciora tantùm docet: secundus perfectiora & graviora paulò: tertius difficillima quæque absolutissimè & accuratissimè tradit, authore Iohanne Isaac .../לשון למודים",lat|heb,,0,1,0
9992333442201488,"La grammaire de Despautere, abregée et corrigée ...par un pere de la compagnie de Jesus",fre|lat,,0,1,0
9990703410101488,"Oraison funebre de François I. Empereur … prononcée en Latin, à Bruxelles, dans l'Eglise Collégiale des SS. Michel & Gudule, le 9 novembre 1765 …par Corn. Franç. Nelis/Oratio in funere Francisci I. Imp. Caes. Aug. … habita … Bruxellis in Basilica SS. Michaelis & Gudulae V. Id. Novemb. …",fre|lat,lat,0,1,0
997408910101488,"D. Avrelii Avgvstini ... de doctrina christiana, libri quatuor.De doctrina christiana, libri quatuor",lat,,1,0,0
9923725840101488,Generalis temporum notio brevissimè exhibens vicissitudinem rerum humanarum ab orbe condito usque ad ætatem nostram præsentamque annum M.D.CC.XXVI.Auctore Petro Ludovico Danes ...,lat,,1,0,0
9923692110101488,Tabvla in grammaticen hebraeamautore Nicolao Clenardo./Tabula in grammaticen hebraeam autore Nicolao Clenardo.,lat|heb,,0,1,0
9913802950101488,Nicolai Vernvlæi De propagatione fidei Christianæ in Belgio per sanctos ex Hibernia viros liber.De propagatione Fidei Christianae in Belgio per sanctos ex Hibernia viros liber,lat,,1,0,0
9912012290101488,"De ivstitia et ivre cæterisque virtutibus cardinalibus libri IV.Authore Leonardo Lessio .../De iustitia et iure caeterisque virtutibus cardinalibus libri IV./Ad 2.2. D. Thomae, à quaest. 47 usque ad quaest. 171",lat,,1,0,0
999181500101488,Ioannis Lodovici Vivis ... De disciplinis libri XXJoannis Lodovici Vivis ... De disciplinis libri XX./De disciplinis libri XX,lat,,1,0,0
9911785300101488,Medicinales epistolæIo. Manardi ... Epistola Huberti Barlandi ad medicinæ apud Louanienses studiosam iuuentutem .../Medicinales epistolae Io. Manardi ... Epistola Huberti Barlandi ad medicinae apud Lovanienses studiosam iuventutem ...,lat,,1,0,0
99604520101488,"V. Cl. Petri Peckii In titt. dig. & cod. ad rem nauticam pertinentes, commentarii.Quibus nunc accedunt notæ ... Arnoldi Vinnii ... Item Leges navales & jus navale Rhodiorum .../Quod uberius quam antea, nova hac editione, summariis, & notis illustratum addidit, & edidit Johannes Laurentius .../Commentaria ... in omnes titulos ad rem nauticam pertinentes/In titt. dig. & cod. ad rem nauticam pertinentes, commentarii.",lat|grc,grc,0,1,0
9985313720101488,"Givsto Lipsio Avertimenti et esempi politici libri dve, che rimirano le virtù, e vitij de' principi ...tradotti nella nostra lingua dal p. Sisto Pietralata da Visso .../Avertimenti et esempi politici libri due/Avertimenti et esempi politici di Givsto Lipsio libri II",ita,,1,0,0
9921121610101488,"Neder-dvytsche gedichten, bestaende in eenighe trevrspelen, ende andere,verthoont ende uytghewerckt door Fr. Gvilielmvs Zeebots Relig. Canon. Parchensis./Neder-duytsche gedichten, bestaende in eenighe treurspelen, ende andere, verthoont ende uytghewerckt door Fr. Guilielmus Zeebots Relig. Canon. Parchensis.",dut,,1,0,0
9923478900101488,"Institutiones absolutissimæ, in lingvam græcamper Nicolaum Clenardum. Annotationes in nominum, verborumq difficultates. Inuestigatio thematis in verbis anomalis, cum indice compendiosa & luculenta syntaxeωs ratio. Praeter annotationes Renati Guillonii, multa ad codicis emendati fidem sunt restituta & addita./Institutiones absolutissimae, in linguam graecam per Nicolaum Clenardum. Annotationes in nominum, verborumque difficultates. Investigatio thematis in verbis anomalis, cum indice compendiosa & luculenta syntaxeoos ratio. Praeter annotationes Renati Guillonii, multa ad codicis emendati fidem sunt restituta & addita.",lat|grc,,0,1,0
9912726130101488,"Fasciculus floridus, ex prato florido theologiæ angelicæ collectus.Præsidebit V.P. Petrus Barbieur ... Propugnabit F. Henricus De Keyser ... Antverpiæ ... die 26. augusti ...",lat,,1,0,0
9992628398801488,"Institvtiones absolvtissimæ in Græcam linguam.Item annotationes in nominum, verborumq. difficultates. Inuestigatio thematis in uerbis anomalis .../Nicolao Clenardo Avtore. Adiecta sunt ad calcem libri meditationum, annotata Renati Guillonij, in grãmaticam Græcam hactenus desiderata./Institutiones absolutissimæ in Græcam linguam./Item annotationes in nominum, verborumque difficultates. Investigatio thematis in verbis anomalis ... Nicolao Clenardo Autore. Adjecta sunt ad calcem libri meditationum, annotata Renati Guillonij, in grammaticam Græcam hactenus desiderata.",lat|grc,,0,1,0
9992139606001488,Censorini ad Q. Cærellivm De die natali,lat,,1,0,0
9992249868001488,"Institvtiones absolvtissimae in lingvam Graecam,per Nicolavm Clenardvm. Annotationes in nominum verborumq. difficultates. Inuestigatio thematis in verbis anomalis, cum indice. Compendiosa & luculenta syntaxeωs ratio. Multa iam ad codicis emẽdati fidem sunt restituta: adiectæq. ab Renato Guillonio adnotatiunculæ apprimè necessariæ/Institutiones absolutissimae in linguam Graecam",grc|lat,,0,1,0
9992117689001488,"Verhael der in-haeling van den heere Henricus van Gaemeren eersten van Loven door de leerzugtige jongheyd der hooge schoolen van Mechelen, onder de bestiering der priesters van't Oratorie. Den 16. van slagmaend. 1719.",dut|lat,,0,1,0
9918456290101488,"De la grandevr des romainspar Ivste Lipse : ov se void vn ample recueil de tout ce qu'ils ont faict de plus admirable. Divisé en qvatre livres, & traduict de latin en françois./De la grandeur des romains par Iuste Lipse : ou se void un ample recueil de tout ce qu'ils ont faict de plus admirable. Divisé en quatre livres, et traduict de latin en françois.",fre,lat,1,0,1
9923719430101488,"Nicolai Clenardi Institvtionvm lingvæ Græcæ liber primvs.Faciliori methodo digestis passim annotationibus, quæ priùs in libri calcem fuerant coniectæ, ôpera F. Nicasij BaxI .../Nicolai Clenardi Institutionum linguae Graecae liber primus. Faciliori methodo digestis passim annotationibus, quae prius in libri calcem fuerant conjectae, opera F. Nicasii Baxii ...",lat|grc,,0,1,0
9911828110101488,"Theatrum prudentiae elegantioris, ex Justi Lipsii libris politicorum erectum,a Io. Friderico Reinhardo ... cum præfatione ... Conr. Sam. Schvrzfleischii.",lat,,1,0,0
99566890101488,"Nicolai Clenardi Institvtiones in Græcam lingvam, ... Eiusdem Meditationes græcanicæ in artem grammaticam, ...Ad hæc Renati Gvilonnii annotationes ... accessere/Nicolai Clenardi Institutiones in Graecam linguam, ... Eiusdem Meditationes graecanicae in artem grammaticam, ... Ad haec Renati Guilonnii annotationes ... accessere",lat|grc,,0,1,0
9923685460101488,"Meditationes Graecanicae in artem grammaticam,avtore Nicolao Clenardo. In eorum gratiam, qui viua præceptoris voce destituuntur, & literas Gręcas suo ipsi ductu discere coguntur...",lat|grc,,0,1,0
9989698310101488,"Breve of Brief, van onzen alderheiligsten Vader den Paus Benedictus den XIV. aan den rector en hoogleeraars der vermaarde Universiteit van Leuven geschreeven en gedagteekend te Rome op den IX April 1757.",dut|lat,lat,0,1,0
99632100101488,"Elvcidatio in omnes psalmos ivxta veritatem vvlgatæ et Ecclesiæ vsitatæ editionis Latinę ... Adiuncta est elucidatio canticorum, quæ ecclesiasticus vsus appellat, ferialia. Subsequuntur annotationes ex Hebræo atque Chaldæo, in quibus quicquid ex veritate Hebraica occurrit difficultatis,tractatur & exponitur per fratrem Franciscum Titelmannum .../Elucidatio in omnes psalmos iuxta veritatem vvlgatae et Ecclesiae usitatae editionis Latinae ... Adiuncta est elucidatio canticorum, quae ecclesiasticus usus appellat, ferialia. Subsequuntur annotationes ex Hebraeo atque Chaldaeo, in quibus quicquid ex veritate Hebraica occurrit difficultatis, tractatur & exponitur per fratrem Franciscum Titelmannum ...",lat,,1,0,0
99704870101488,"Nicolai Vernvlæi ... Orationvm sacrarvm volvmen.In festa deiparæ virginis, & aliquorum diuorum./Orationum sacrarum volumen",lat,,1,0,0
9923689970101488,"Institvtiones ac meditationes in Graecam lingvam,N. Clenardo authore, cvm succinctis annotationibus, ac Latina Græcarum vocum interpretatione. Operi quoque præfixi sunt indices copiosissimi duo .../Institutiones ac meditationes in Graecam linguam, N. Clenardo authore, cum succinctis annotationibus, ac Latina Græcarum vocum interpretatione. Operi quoque prefixi sunt indices copiosissimi duo ...",lat|grc,,0,1,0
9911744640101488,Histoire du schisme d'Angleterre.De Sanderus. Traduite en françois par ... Maucroix ...,fre,eng,1,0,1
9913879820101488,"Panoplia evangelica, sive De verbo Dei evangelico libri quinque ...Vvilhelmo Lindano ... authore.",lat,,1,0,0
9910310800101488,Dialexis de novae et prius incognitae stellae apparitioneper Thaddeum Hagecium ab Hayck/Dialexis de novae et prius incognitae stellae inusitatae magnitudinis et splendidissimi luminis apparatione,lat|cze|eng|fre|ger|rus,,0,1,0
9980029560101488,Cornelii Valerii ... In vniversam bene dicendi rationem tabvla svmmam artis rhetoricæ complectens.In universam bene dicendi rationem tabula summam artis rhetoricae complectens,lat,,1,0,0
9915329950101488,Guilielmi Philippi ... Medulla logicæ.Medulla logicae,lat,,1,0,0
9923675690101488,"N. Clenardi Graecae lingvae institvtiones;cum scholiis et praxi Petri Antesignani Rapistagnensis : a Frid. Sylbvrgio denuo recognitæ; notationibusque Henr. Stephani, .../Graecae linguae institutiones",lat|grc,,0,1,0
9923480750101488,"Ευαγγελια τε και επιστολαι, των κυριακων και εορτασιμων ημερων, ταξει, καθ'ην εν νεως ειωθαι αναγινωσκεσθαι.Euangelia & epistolæ dominicorum festorumque dierum, eo, quo in templis legi ordine consueuerunt, è bibliis collecta./Euaggelia te kai epistolai, ton kuriakon kai eortasimon èmeron, taxei, kath'èn en neos eiothai anaginoskesthai./Evangelia et epistolae dominicorum festorumque dierum, eo, quo in templis legi ordine consueverunt, è bibliis collecta.",grc|lat,,0,1,0
9923484130101488,"Institvtiones absolvtissimæ in lingvam græcam.  Annotationes in nominum, verborumque difficultates. ...Nicolao Clenardo avctore. Unà cum Renati Gvillonii Annotationibus ... Fed. Morellvs ... de numerorum signis observationem pro epilogo adjunxit. Accessit Luciani Lis vocalium, eod. Fed. Morello interprete./Institutiones absolutissimae in linguam graecam. Annotationes in nominum, verborumque difficultates/Annotationes Renati Guillonii in Grammaticam graecam Clenardi",lat|grc,,0,1,0
99620840101488,"Tractatus de promulgatione legum ecclesiasticarum, ac speciatim bullarum et rescriptorum Curiæ Romanæ. Ubi & de placito regio, quod antè earum publicationem & executionem in provinciis requiritur. ...Subjungitur appendix monumentorum, .../Authore Zegero Bernardo Van Espen ...",lat|fre,,0,1,0
9992254883101488,"Zyne eminentie den cardinael-aerts-bisschop van Mechelen wierd den 15 juni geroepen tot Brussel by zyne excellentie den volmagtigden minister, die hem ... bestelde eenen brief geteekent van zyne majesteyt den keyser ...Son eminence le cardinal-archévêque de Malines fût mandé le 15 juin 1789 chez son excellence le ministre plénipotentiaire à Bruxelles, qui lui remit en mains propres une lettre signée de sa majesté l'empereur ...",fre|dut,,0,1,0
9923715740101488,Nicolai Clenardi Græcæ lingvæ institvtiones;cvm scholiis et praxi Petri Antesignani ... a Frid. Sylbvrgio denuò recognitæ ; notationibusque Henr. Stephani .../Nicolai Clenardi Graecae linguae institutiones cum scholiis et praxi Petri Antesignani Rapistagnensis : a Frid. Sylburgio denuo recognitae ; notationibusque Henr. Stephani ...,lat|grc,,0,1,0
9926975880101488,"Institutiones absolvtissimae in Græcam linguam. Item annotationes in nominum uerborumq; difficultates. Inuestigatio thematis in uerbis anomalis. Compendiosa syntaxeos ratio. His insvper additae svnt meditationes Græcanicæ in artem grammaticam ...Nicolao Clenardo autore. Adiecta sunt ad calcem libri meditationum, annotata Renati Guillonii, in Grammaticam Graecam hactenus desiderata./Institutiones absolutissimae in Græcam linguam. Item annotationes in nominum verborumque; difficultates. Investigatio thematis in verbis anomalis. Compendiosa syntaxeos ratio. His insvper additae sunt meditationes Græcanicæ in artem grammaticam ...",lat|grc,,0,1,0
9915807180101488,"Nos almæ universitatis studii generalis oppidi Lovaniensis, rector ... mandamus ... citetis ... suppositum reum inquisitum presbyterum Henricum Clavers ... sic citamus ...Nous recteur de l'etude generale de la mere université de la ville de Louvain ... nous vous mandons en commandant strictement à vous tous ... vous citiez ... un suppôt coupable, récherché prêtre Henry Clavers, suppôt de notre même université fugitif, que nous citons aussi ...",lat|fre,lat,0,1,0
9911865270101488,"Lexicon graeco-latinvm quàm plurimis locis emendatum, & numerosa verborum accessione cùm ex optimis quibusque authoribus, tum è Budæi Commentariis postremò editis locupletatumLexicon graeco-latinum quàm plurimis locis emendatum, et numerosa verborum accessione cùm ex optimis quibusque authoribus, tum è Budaei Commentariis postremò editis locupletatum",lat|grc,,0,1,0
9922570340101488,Nominvm et verborvm Graecorvm inflexiones. In ordinem digestæ cum omnium temporum formationibus.Nominum et verborum Graecorum inflexiones. In ordinem digestae cum omnium temporum formationibus./Praecationes quædam christianæ : symbolum & decalogus./Proseuchai tines christianikai symbolon kai dekalogos.,lat|grc,,0,1,0
9911808450101488,"Justificatio seu defensio censvræ facultatis S. theologiæ academiæ Lovaniensis, contrà assertiones quasdam professorum ibidem Societ. nominis Jesu, de Scriptura sacra, prædestinatione, & gratia Christi.Iussu reverendissimorum & illustrissimorum Belgii episcoporum, anno 1588./Justificatio seu defensio censurae facultatis S. Theologiae academiae Lovaniensis",lat,,1,0,0
9974880530101488,"The elements of the Irish language, grammatically explained in English. In 14 chapters.By H. Mac Curtin.",eng|gle,,0,1,0
9923677400101488,"Institvtiones absolvtissimae in lingvam Graecam,per Nicolavm Clenardvm. ... His accessit breuis iuxta ac vtilis spirituum cognoscendorum ratio, autore P. Antesignano Rapistagnensi./Institutiones absolutissimae in linguam Graecam",lat|grc,,0,1,0
9992740100301488,Ordonnance de l'imperatrice reine du 14. janvier 1764. Sur la discipline des etudians en philosophie de l'université de Louvain.,fre|lat,,0,1,0
9992364596301488,"Jvsti Reifenberg. V.J.D. Praxis processvs civilis jvdiciarii velut in foro disceptati; et ex recepta svmmorvm Germaniæ tribvnalivm consuetudine explicati,vbi nvllitates processvvm ac sententiarvm, queis universa pene orbis & vrbis auditoria resonant, indigetantur, expediuntur/Praxis processus civilis judiciarii velut in foro disceptati, et ex recepta summorum Germaniae tribunalium consuetudine explicati",lat,,1,0,0
9922526580101488,"Dialogosde Juan Luis Vives, traducidos en lengua castellana por ... Christoval Coret y Peris ...",spa|lat,lat,0,1,0
9989700140101488,Colloquj di Gio: Lodovico Vives latini e italianitradotti da un sacerdote Fiorentino per esercizio dell'una e dell'altra lingua.,ita|lat,lat,0,1,0
9924783220101488,Meditationes Graecanicae in artem grammaticam;Nicolao Clenardo avtore. ...,lat|grc,,0,1,0
9910619100101488,"Cleri Romano-catholici præcipuarum in Australi Hollandia civitatum, aliorumque ejusdem causæ sociorum Protestatio adversus editores ac divulgatores quarumdam epistolarum, quæ sub nomine ... Joannis Babtistaeæ Bussii ... in vulgus sparguntur asserta contra libellum, qui fraudulenter inscribitur Scriptum consolatorium pro Romano-catholicis per Fœderatas Provincias dispersis, &c.Per J.C. Erkelium ... Ex Belgico idiomate Latine versa.",lat,dut,1,0,1
9915420910101488,"La grammatica volgare di M. Alberto de gl'Acharisi Dacento.La grammaire de M. Albert de la Charisi Dacento, tournée de tuscan en français",fre|ita,ita,0,1,0
993689680101488,ErycI Pvteani Epistolarum selectarum apparatus miscellaneus et novus ... In centurias ditributus.Epistolarum selectarum apparatus miscellaneus et novus,lat,,1,0,0
9992703209601488,"Berigt voor d'Universiteyt &c. van Leuven, op de onderstaande twee brieven, geschreven aen haer Ho:Mo:, door de Heeren Vicarissen Generael van den Bisschop van Doornick, den 16. en 23. July 1710",dut|fre,,0,1,0
9992513604001488,"Iacobi Ceporini Grammatica græca,iam tertium de integro ab ipso autore & castigata & locupletata. Eiusdem Ceporini scholion breue in Hesiodi Georgica ... Additur Græcorum versuum ratio. Accedunt epigrammata quædam .../Grammatica graeca",lat|grc,,0,1,0
9918036160101488,"Ioannis Lvdovici Viuis ... De disciplinis libri XX, in tres tomos distincti ...De disciplinis libri XX",lat,,1,0,0
9912745030101488,"Disputatio de sacris et eorum immunitatibus,quam sub auspiciis ... Ignatii Francisci De La Hamayde ... defendet ... Carolus Josephus Lotharius L.B. Schenk a Schmitberg ... Lovanii XX. decembris anni M.DC.XCI.",lat,,1,0,0
999062010101488,"Staat van het Seminarie Generael van Weenen, en een beschryf van den staat van Duytsland aangaande de religie ...Door Ernestus de Keuremenne. 1 november 1788.",dut,,1,0,0
9928344940101488,"Sacrificii missae, ac eivs partivm explicatio, secundùm rerum ipsarum veram originem & historiam.Authore Nicolao Sandero Anglo .../Sacrificii missae, ac eius partium explicatio, secundùm rerum ipsarum veram originem & historiam.",lat,,1,0,0
9992249866501488,"Institutiones linguæ Græcæ, ad analysin potissimum comparatas,edidit J.H.J. Leemput .../Institutiones linguae Graecae, ad analysin potissimum comparatas",grc|lat,,0,1,0
9983958700101488,Louis de Bourbon,lat,,1,0,0
9911891810101488,Specimen doctrinæ traditæ ab anno MDCXCI. usque ad annum MDCXCVI. inclusivè.,lat|fre,,0,1,0
9977442470101488,"Gabrielis Mvdæi ... Commentarii ad Titvlos Digestorvm Pro Socio. De contrahenda emptione & venditione. Item, De actionib. empt. & vend. De pignoribus & hypothecis.Commentarii ad Titvlos Digestorvm Pro Socio. De contrahenda emptione & venditione. Item, De actionib. empt. & vend. De pignoribus & hypothecis./Gabrielis Mudaei ... Commentarii ad Titulos Digestorum Pro Socio, De contrahenda emptione et venditione, Item, De actionibus empti et venditi, De pignoribus et hypothecis.",lat,,1,0,0
9991034060101488,Edictum regium quo exhibetur nè quis medicam artem profiteatur seu exerceat nisi fuerit gradu licentiæ in academia suæ majestati subdita. Datum Bruxellis 18. augusti 1732.,dut|fre,,0,1,0
9993364208601488,"Ioh. Nicolai Fvnccii Marburgensis De adolescentia Latinæ lingvæ tractatvs, quo iuuenilis & crescens eius in variis scientiis vigor & fata, inde a bello Punico secundo vsque ad Ciceronis aetatem, demonstrantur.Joh. Nicolai Funccii Marburgensis De adolescentia Latinae linguae tractatus, quo juvenilis & crescens ejus in variis scientiis vigor & fata, inde a bello Punico secundo usque ad Ciceronis aetatem, demonstrantur.",lat,,1,0,0
9923469960101488,Tabvla in grammaticen hebraeamavtore Nicolao Clenardo/Tabula in grammaticen hebraeam,lat|heb,,0,1,0
9989523200101488,"Demonstratio canonica, pro libertate parochianorvm, in frequentandis ecclesiis, et sepvltvris eligendis.Demonstratio canonica, pro libertate parochianorum, in frequentandis ecclesiis, et sepulturis eligendis",lat,,1,0,0
9911721950101488,Franc. Zypæi ... Fundamenta medicinæ physico-anatomica.Fundamenta medicinae physico-anatomica,lat,,1,0,0
9911342770101488,Tabvla in grammaticen Hebræamautore Nicolao Clenardo./Tabula in grammaticen Hebræam,heb|lat,,0,1,0
9923486340101488,"Meditationes Graecanicæ, in artem grammaticam,autore Nicolao Clenardo.",lat|gre,,0,1,0
9992703209401488,"Bericht voor d'Universiteyt &c. van Leuven, over de wijtloopige memorie, en andere schriften en documenten daer by, overgegeven aen haer Ho. Mog. door de vicarissen van Doornik",dut|fre,,0,1,0
9923693080101488,"Institutiones absolvtissimæ in lingvam Græcam,per Nicolaum Clenardum. Adnotationes in nominum uerborumq. difficultates. Inuestigatio thematis in uerbis anomalis ... Multa iam ad codicis emendati fidem sunt restituta: adjectæq. ab Renato Guillonio adnotatiũculæ apprimè necessariæ./Institutiones absolutissimæ in linguam Græcam, per Nicolaum Clenardum. Adnotationes in nominum verborumque difficultates. Investigatio thematis in verbis anomalis ... Multa jam ad codicis emendati fidem sunt restituta: adjectæque ab Renato Guillonio adnotatiunculæ apprimè necessariæ.",lat|grc,,0,1,0
9937345790101488,"Ισοκρατους απανταIsokratus hapanta/Isocratis scripta, qvæ qvidem nvnc extant, omnia, Græcolatina, postremo recognita: Hieronymo vvolfio oestingensi interprete .../Isocratis scripta, quae quidem nunc extant, omnia, Graecolatina, postremo recognita: Hieronymo wolfio oestingensi interprete",grc|lat,,0,1,0
9980126270101488,"Ioan. Lodovici Vivis De recta ingenvorvm adolescentvm ac puellarum institutione, libelli duo, multa eruditione ac pietate referti. Eivsdem ad ueram sapientiam introductio ...  Adiecimus quoq; in studiosorum gratiam Aristotelis De virtvtibvs libellum uere aureum, nuper quidem Græcè inuentum,iam uero primum à Simone Grynaeo & Latinitate donatum, & ... illustratum .../De recta ingenuorum adolescentum ac puellarum institutione, libelli duo, multa eruditione ac pietate referti. Eiusdem ad veram sapientiam introductio ...  Adiecimus quoque in studiosorum gratiam Aristotelis De virtutibus libellum vere aureum, nuper quidem Græcè inventum,",lat|grc,,0,1,0
9915810000101488,Extrait d'une lettre aux rédacteurs du Journal de l'Europe.,fre|lat,lat,0,1,0
9992370096001488,"Des. Erasmi Roterodami De duplici copia, uerborum ac rerũ, cõmentarij duo.Erasmi de ratione studij, déq. pueris instituendis commentariolus ... Erasmi de laudib. literariæ societatis reipub. ac magistratuũ urbis Argẽtinæ, epistola planè Erasmica, hoc est, elegans, docta & mire candida/De duplici copia, verborum ac rerum, commentarii duo. Erasmi de ratione studii, deque pueris instituendis commentariolus... Erasmi de laudibus literariae societatis reipublicae ac magistratuum Argentinae epistola plane Erasmica",lat,,1,0,0
9992585201701488,"Tres humbles remontrances du docteur Van Espen à sa majesté imperiale et catholique, au sujet de l'ordonnance surprise au Conseil d'etat le 12. septembre 1725. portant condamnation de sa réponse epistolaire du 4. Juin 1725.",fre,,1,0,0
9991034140101488,Sententia supremi concilii Brabantiæ de 30. mensis aprilis anni 1736 ...,fre|dut,,0,1,0
9927198830101488,Thomæ Fieni ... Libri chirurgici XII. De præcipuis artis chirurgicæ controversiis ...Opera posthuma Hermanni Conringii cura nunc primum edita./Libri chirurgici XII. De præcipuis artis chirurgicæ controversiis ...,lat,,1,0,0
991460560101488,Institutiones absolvtissimae in lingvam Græcamper Nicolaum Clenardum ... adiectæq. ab Renato Guillonio adnotatiunculæ .../Institutiones absolutissimae in linguam Graecam per Nicolaum Clenardum,lat|grc,,0,1,0
99567040101488,Tabvla in grammaticen Hebræamautore Nicolao Clenardo./Tabula in grammaticen Hebræam,lat|heb,,0,1,0
9924649990101488,"Dialogosde Juan Luis Vives, traducidos en lengua castellana por ...Cristobal Coret y Peris.",spa|lat,lat,0,1,0
9911800560101488,Luctus ecclesiæ Gandavensis in fvnere decimi sui episcopi ... Francisci van Horenbeke ...pro concione expressus per ... Ioannem Antonivm d'Avbermont .../Luctus ecclesiae Gandavensis in funere decimi sui episcopi,lat,,1,0,0
9988210430101488,"Meditationes Græcanicæ in artem grammaticam;in eorum gratiam, qui viua præceptoris voce destituuntur, & literas Græcas suo ipsi ductu discere coguntur/auctore Nicolao Clenardo./Meditationes Graecanicae in artem grammaticam; in eorum gratiam, qui viva praeceptoris voce destituuntur, & literas Graecas suo ipsi ductu discere coguntur",lat|grc,,0,1,0
9911260570101488,"Tabvlae in grammaticam hebraeam,avctore Nicolao Clenardo. A Iohan. Isaac nunc recèns correctæ, & aptiori ordine digestę, vnà cum eiusdem & Ioan. Quinquarb. adnotationibus./Tabulae in grammaticam hebraeam, auctore Nicolao Clenardo. A Iohan. Isaac nunc recèns correctae, & aptiori ordine digestae, unà cum eiusdem & Ioan. Quinquarb. adnotationibus",lat|heb,,0,1,0
9917509320101488,"Fvnvs parasiticvm sive L. Biberii Cvrcvlionis parasiti, mortualia. Ad ritum prisci funeris. Accessit, De parasitis, & Assentatoribus, Appendix. Item Ivliani Cæsaris epistola nvnc primvm in lvcem edita, cum latina interpretatione & notisNicolai RigaltI P./Funus parasiticum sive L. Biberii Curculionis parasiti, mortualia. Ad ritum prisci funeris. Accessit, De parasitis, & Assentatoribus, Appendix. Item Iuliani Cæsaris epistola nunc primum in lucem edita, cum latina interpretatione & notis Nicolai Rigaltii P./Iuliani imp. Epistola ad Alexandrinos. Nunquam antehac in lucem edita.",lat|grc,,0,1,0
9980018410101488,"Theologiæ practicæ aphorismi pars quinta de sacramentis,authore Martino Steyaert ...",lat,,1,0,0
9992394994101488,Verbum incarnatum ejusque salutaria sacramenta.Præsidebit F. Joannes Libens .... Propugnabunt F. Joannes Van Branteghem ... die 13. augusti 1714. ... in schola augustiniana.,lat,,1,0,0
991771100101488,Commentarius ad edictum regium de recusationibus judicum datum Bruxellis XXV. Maii M.DC.LXIX. ... .Authore Ignatio Francisco Hameda (vulgo de La Hamaide) ...,lat,,1,0,0
9923677520101488,Annotationes Renati Gvillonii in Grammaticam Graecam Clenardi.Annotationes Renati Guillonii in Grammaticam Graecam Clenardi,lat|grc,,0,1,0
9918339520101488,S.P.Q.L. sive Septem tribus patriciæ Lovanienses.,lat,,1,0,0
99576440101488,"Liberti Fromondi ... Vesta, sive Ant-Aristarchi vindex, aduersus Iac. Lansbergium ...In quo decretum S. Congregationis ... aduersus Copernicanos terræ motores editum, iterùm defenditur/Anti-Aristarchus II/Liberti Fromondi ... Vesta, sive Ant-Aristarchi vindex, adversus Iac. Lansbergium ...",lat,,1,0,0
9992241807201488,"Ιουστινιανου βασιλεως Νομοι γεωργικοι, και του αυτου Ιουστινιανου νεαρα Α. περι κληρονομων και του φαλκιδιουIvstiniani ... Leges de re rustica, interprete & scholiaste Francisco Balduini ... Item eivsdem Ivstiniani Nouella constitutio prima de hæredibus, & lege falcidia, cum Latina interpretatione & scholijs eiusdem Francisci Balduini, multis locis nunc primum per eundē restitutis./Ioustinianou basileōs Nomoi geōrgikoi kai tou autou Ioustinianou neara A. peri klēronomōn kai tou phalkidiou/Leges de re rustica ... Novella constitutio prima de haeredibus, et de lege falcidia",grc|lat,grc,0,1,0
9992260492401488,Introductio in Græcam linguam ex Institutionibus grammaticis Nicolai ClenardiIntroductio in Graecam linguam,lat|grc,,0,1,0
9913751290101488,"Censura et declaratio conventus generalis cleri gallicani congregati in palatio San-Germano, anno millesimo septingentesimo, in materia fidei & morum, ejusdem generalis conventûs jussu publicata, & typis edita. Cum censuris Lovaniensibus in ea citatis.",lat,,1,0,0
9915673440101488,"Copia epistolæ ... imperatoris Caroli V. scriptæ cardinalibus S. Eusebii, ss. quatuor, & de Medicis, commissis à sanctissimo ad examinationem privilegiorum universitatis Lovaniensis [e.a]",lat|fre|dut,,0,1,0
9923485610101488,"Meditationes græcanicæ. In artem grammaticam.In eorum gratiam qui viva præceptoris voce destituuntur, & literas græcas suo ipsi ductu discere coguntur./Nicolao Clenardo avtore.",lat|grc,,0,1,0
99557680101488,"Institvtiones ac meditationes in Græcam lingvam,N. Clenardo avthore, cum scholiis & praxi P. Antesignani Rapistagnensis .../Institutiones ac meditationes in Graecam linguam, N. Clenardo authore, cum scholiis & praxi P. Antesignani Rapistagnensis ...",lat|grc,,0,1,0
9992249753201488,Cort ondervvys teghen de confessie der ministers (soo sy hen berommen) Iesu Christi in de kercke van Andtwerpen: die haer onwaerachtelijck seyt met de confeßie van Ausborch t'accorderen ...By ... VVilhelmum vãder Lindt ...,dut,,1,0,0
9911732420101488,"Institvtionvm religionis christianæ libri IV. ad catechismi romani methodum, ex concilij Tridentini præscripto, concinnati ...Avctore Iacobo Bayo .../Institutionum religionis christianae libri IV ad catechismi romani methodum, ex concilii Tridentini praescripto, concinnati",lat,,1,0,0
9992574008401488,Pastorale ecclesiae Rvraemvndensis.Ab Henrico Cvyckio Ruræmundensi episcopo in tres partes distinctum & in lucem emissum/Pastorale ecclesiae Ruraemundensis,lat,,1,0,0
9929073450101488,"C. Velleivs Patercvlvs,cvm Aldi Manvtii scholiis: Ivsti Lipsii animaduersionibus: Iacobi Scegkii notis: Vincentii Acidalii variis lectionibus. .../C. Velleius Paterculus",lat,,1,0,0
9916187660101488,L'écolier chrétien ou Traité des devoirs d'un jeune homme qui veut sanctifier ses études.Par M. Collet ...,fre|lat,,0,1,0
9927652920101488,"Colloqvia et dictionariolvm sex lingvarvm:Teutonicæ, Latinæ, Germanicæ, Gallicæ, Hispanicæ, & Italicæ:/eas linguas discere volentibus, vtilissima Cornelio Valerio .../Ghemeyne gespreche, oder Colloquia, mit einen Dictionario in sechs sprachen: Niderlendish, Latinish, Deutsh, Frantzosish, Spanish und Welsh : gar nutz und dienstlig deselbe sprachen zu lernen/Colloquia et dictionariolum sex linguarum: Teutonicae, Latinae, Germanicae, Gallicae, Hispanicae, & Italicae",dut|lat|ger|fre|spa|ita,,0,1,0
9922970900101488,"Idea togatæ constantiæ sive Francisci Tailleri Dvbliniensis prætoris in persecutione congressus, & religionis catholicae defensione interitus. ...Authore Ioanne Molano .../Idea togatæ constantiæ ... Authore Ioan. Molano ... Cui adiungitur Tripartita martyrum britannicarum insularum epitome./Epitome tripartita martyrum fere omnium qui in britannicis insulis nostrâ patrumque memoriâ de hæresi gloriosè triumpharunt./Idea togatæ constantiæ sive Francisci Tailleri Dubliniensis prætoris in persecutione congressus, & religionis catholicae defensione interitus. ...",lat,,1,0,0
996083240101488,"Biblia sacra  dat is De geheele Heylighe Schrifture bedeylt int Oudt ende Nieu TestamentBijbel = 393 ""1599""",lat|dut,,0,1,0
9920207840101488,"Assertiones theologicæ ex prima parte et prima secundæ,quas præside F. Henrico Bellemans ... tueri conabitur Fr. Gerardus Spolts ... Lovanii apud PP. Augustinianos die junii ...",lat,,1,0,0
9989475780101488,Πλουταρχου Χαιρωνεως περι παιδων αγωγηςΠΛΟΥΤΑΡΧΟΥ ΧΑΙΡΩΝΕΩΣ ΠΕΡΙ ΠΑΙΔΩΝ ΑΓΩΓΗΣ./Plvtarchi Chaeronensis De educandis liberis/De educandis liberis/Plutarchi Chaeronensis De educandis liberis/Ploutarchou Chairōneōs Peri paidōn agōgēs,lat|grc,grc,0,1,0
9911740400101488,"Lettre anticritique, au sujet du livre de la constance. Avec quelques remarques sur un point délicat de la langue françoise.Par M. S. N. à un de ses amis ...",fre,,1,0,0
9913792510101488,"ErycI Pvteani Olympiades, sola manv, vt vere annis mvndi respondent, compvtatæ.Olympiades, sola manu, ut vere annis mundi respondent, computatae",lat|gre,,0,1,0
9988206870101488,Cornelii Jansenii Leerdamensis ... Tetrateuchus sive Commentarius in sancta Jesu Christi evangelia /-/Tetrateuchus sive Commentarius in sancta Jesu Christi evangelia,lat,,1,0,0
997603660101488,"Ioannis Despavterii Ninivitæ Grammaticæ institvtionis libri septem,unà cum carminum ... & dictionum compendiaria interpretatione./Per Sebastianvm Duisburgensem in compendium redacti./Grammaticae institutionis libri septem",lat,,1,0,0
9925795560101488,"Asia, sive Historia vniversalis asiaticarvm gentivm et rervm domi forisqve gestarvm, a cvivsque origine ad hæc tempora ...avctore Io. Baptista Gramaye .../Asia, sive Historia universalis asiaticarum gentium et rerum domi forisque gestarvm, a cuiusque origine ad hæc tempora ... auctore Io. Baptista Gramaye ...",lat,,1,0,0
9922785580101488,"Les dialogvesde Ian Loys Vives : pour l'exercitation de la langue Latine. En Latin & en François, pour la commidité de ceux qui voudront conferer l'une à l'autre langue./Les dialogues de Jan Loys Vives : pour l'exercitation de la langue Latine. En Latin & en François, pour la commidité de ceux qui voudront conferer l'une à l'autre langue.",fre|lat,lat,0,1,0
9912726600101488,"Decretum sacræ congregationis ... cardinalium à sanctiss. ... Clemente Papa XI. ... ad indicem librorum, eorumdemque permissionem, prohibitionem, expurgationem & permissionem in universa republica christiana specialiter deputatorum, ubique publicandum.",lat,,1,0,0
9992267195901488,Manuductio ad linguam Burgundicam præcipuis tum sacræ tum profanæ historiæ monumentis illvstrata ...opera & studio Antonii Francisci de Pratel ...,lat|fre,,0,1,0
99598460101488,"Hierarchiae ecclesiasticae assertio,per Albertvm Pighivm Campensem, D. Ioannis Vltraiecteñ. præpositum, ab ipso authore sub mortem dilige[n]ter recognita, novaq; accessione passim locupletata .../Hierarchiae ecclesiasticae assertio, per Albertum Pighium Campensem, D. Joannis Ultraiectensis. praepositum, ab ipso authore sub mortem diligenter recognita, novaque accessione passim locupletata ...",lat,,1,0,0
9989698960101488,Nicolai Clenardi ... Grammatica Græca ...Grammatica Graeca,lat|grc,,0,1,0
996717770101488,"Herdenkingstentoonstelling Paus Adrianus VIgedenkboek, catalogus./Paus Adrianus VI/1459 - 1959",dut|fre,,0,1,0
9928414920101488,"Supplementum anatomicum sive Anatomiæ corporis humani liber secundus ... Accedit descriptio anatomica partium fœtui & recenter nato propriarum. Item controversia de foramine ovali inter authorem, & D. Mery.Authore Philippo Verheyen ...",lat,,1,0,0
994461160101488,"Synopsis juris canonici per erotemata digesti et enucleati.Juxta ordinem librorum & titulorum, in Decretalibus epistolis Gregorii IX. P.M./authore Valerio Andrea ...",lat,,1,0,0
9917986650101488,"ErycI Pvteani Epistolarvm reliqviæ. Centvria V, & postrema.Erycii Puteani Epistolarum reliquiae. Centuria V, & postrema/Epistolarvm reliqviæ. Centvria V, & postrema.",lat,,1,0,0
993173750101488,"Sancti Gregorii ... Opera omnia.Ad manuscriptos ... emendata, aucta, & illustrata notis. Studio & labore monachorum Ordinis Sancti Benedicti, è Congregatione Sancti Mauri. Tomus primus [-quartus]/Opera omnia",lat|grc,,0,1,0
9917777170101488,"Argumentum libelli.Symon Hessvs Lvthero ostendit cavssas, qvare Lvterana oposcvla a Coloniensibvs et Lovaniensib. sint conbvsta. Id ipsvm enim petit Martinvs in libello qvodam, vbi rationem reddit facti svi. Nam ob. XXX articvlos erroneos in papalibvs libris inventos ivs canonicvm se in flammans coniecisse scripsit/Argumentum libelli./Symon Hessus Luthero ostendit caussas, quare Luterana oposcula a Coloniensibus et Lovaniensib. sint conbusta. Id ipsum enim petit Martinus in libello quodam, ubi rationem reddit facti sui. Nam ob. XXX articulos erroneos in papalibus libris inventos ius canonicum se in flammans coniecisse scripsit",lat,,1,0,0
9912260280101488,"De astrologia:rabbi Mosis filii Meimon Epistola elegans, & cum Christiana religione congruens, Hebręa, nunc primum edita & latina facta. Ioanne Isaac Leuita Germano auctore./De astrologia: rabbi Mosis filii Meimon Epistola elegans, & cum Christiana religione congruens, Hebraea, nunc primum edita & latina facta. Ioanne Isaac Levita Germano auctore.",lat|heb,heb,0,1,0
992497980101488,Ad natales sanctorvm Belgii Ioannis Molani avctarivm ...avctore Arnoldo de Raisse .../Ad natales sanctorum Belgii Ioannis Molani auctarium ...,lat,,1,0,0
9923351300101488,Hadriani barlandi versuũ ex Bucolicis Vergilii prouerbialium collectanea.Eiusdem de laudibus amenissimi Louanii ode hexametro heroico iambicoq. dimetro alternans. Martini Dorpii Epigramma iambicũ trimetrum/Versuum ex Bucolicis Vergilii proverbialium collectanea. Eiusdem de laudibus amenissimi Lovanii ode hexametro iambicoque dimetro alternans. Martini Dorpii Epigramma iambicum trimetrum,lat,,1,0,0
9927464970101488,Nicolai Clenardi Grammatica Græca.A Stephano Moqvoto ... recognita ... Addita est syntaxis cum iis partibus grãmaticæ quæ adhuc in Clenardo desideratæ fuerant. Vnà cum compendio regularum./Grammatica Graeca,lat|grc,,0,1,0
9911827880101488,Fragment sur les principes du vrai bonheur.Discours a Lysimaque.,fre,,1,0,0
9919035310101488,"Lysiæ oratoris Græciæ disertissimi Orationes, quæ hodiè è trecentis supersunt, XXXIV. ...Antehac à Jodoco Vanderheidio, Graecè ac Latinè simul editæ, nunc verò in gratiam ac commodum studiosæ juventutis recusæ.",lat|grc,grc,0,1,0
9985377750101488,"Relation abregée, de la contestation élevée dans l'Université de Louvain au sujet de la puissance à qui appartient le droit propre d'apposer des empêchemens dirimans au contrat civil du marriage ...",fre,,1,0,0
9913799190101488,"Oratio fvnebris, in obitv illvstrissimi domini Gabrielis Comitis Tencinii, Palatinidis Cracoviensis.Habita Bruxellæ in ecclesia patrum ordinis B.mæ V. de monte Carmelo Excalceator. 7. sept. 1629./A R.P. F. Isidoro à Sancto Ioseph ..../Oratio funebris in obitu illustrissimi domini Gabrielis Comitis Tencinii",lat,,1,0,0
9992312442101488,"Tabvlæ breves et expeditæGeorgij Cassandri, in præceptiones rhetorices./Tabulæ breves et expeditæ Georgij Cassandri, in præceptiones rhetorices.",lat,,1,0,0
9915810020101488,"Questions proposées par son em. le cardinal-archevêque de Malines, le 28 avril 1789, aux professeurs de la faculté de théologie de Louvain, pour que chacun d'eux y réponde séparément par écrit & signe sa réponse.",fre|lat,lat,0,1,0
9988205000101488,"Controuersiarũ praecipvarvm in comitiis Ratisponensibus tractatarum, & quibus nunc potissimum exagitatur Christi fides & religio, diligens, & luculenta explicatio.Per Albertum Pighium Campensem .../Controversiarum praecipuarum in comitiis Ratisponensibus tractatarum, & quibus nunc potissimum exagitatur Christi fides & religio, diligens, & luculenta explicatio.  Per Albertum Pighium Campensem ...",lat,,1,0,0
9923719850101488,"Tabvla in grammaticen Hebræam,authore Nicolao Clenardo. A Iohanne Quinquarboreo Aurilacensi à mendis quibus scatebat repurgata, & annotationibus illustrata./Tabula in grammaticen Hebraeam, authore Nicolao Clenardo. A Johanne Quinquarboreo Aurilacensi à mendis quibus scatebat repurgata, & annotationibus illustrata",lat|heb,,0,1,0
9915282910101488,"Opvscvla aliqvot vere catholica, ac imprimis erudita, Ioannis Lodouici Viuis ..., accurate impressa.Introdvctio ad sapientiam. Satellitivm siue symbola. De ratione studij puerilis epistolæ II./De ratione studii puerilis epistolae II/Introductio ad sapientiam/Opuscula aliquot vere catholica/Satellitium sive Symbola",lat,,1,0,0
9922526330101488,"Acta judiciorum inter F. Iacobum Hochstraten inquisitorem Coloniensium & Iohannem Reuchlin. LL. doc. ex registro publico, autentico & sigillato.Acta judiciorum inter F. Jacobum Hochstraten inquisitorem Coloniensium & Johannem Reuchlin. LL. doc. ex registro publico, autentico & sigillato.",lat,,1,0,0
9989699000101488,Ludovico Vives tradotto in lingua volgaredal dottor D. Giacinto Garcea di S. Procopio ...,lat|ita,lat,0,1,0
9992249880101488,"Colloqujdi Gio: Lodovico Vives latini, e volgari/Colloqui",ita|lat,lat,0,1,0
9983759460101488,"Institvtiones ac meditationes in Graecam lingvuam, N. Clenardo avthore : cvm scholiis & praxi P. Antesignani Rapistagnensis ... /Operi praefixi sunt indices copiosissimi duo ... Omnia à Frid. Sylburgio ... recognita, locis propemodum innumeris emendata, notisq[ue] insuper illustrata./Institutiones ac meditationes in Graecam linguam",lat|grc,,0,1,0
99622990101488,Cornelii Valerii Vltraiectini In vniversam bene dicendi rationem tabula summam artis rhetoricæ complectens.In universam bene dicendi rationem tabula summam artis rhetoricae complectens,lat,,1,0,0
9992683610201488,"Les dialogves de Ian Loys Vives, tradvits de Latin en François povr l'exercice des deux langues.Ausquels est adioustee l'explication Francoise des mots Latins plus rares & moins usagez,/par Gilles de Housteville. Auec ample declaration & traduction des passages Grecs en Latin par P. de la Motte/Les dialogues de Jan Loys Vives, traduits de Latin en François pour l'exercice des deux langues./Ausquels est adjoustee l'explication Francoise des mots Latins plus rares & moins usagez, par Gilles de Housteville. Avec ample declaration & traduction des passages Grecs en Latin par P. de la Motte",fre|lat,,0,1,0
9992124578401488,"Flores Italici, ac Latini idiomatis,e viridario exercitationis Ioannis Lvdovici Viuis excerpti, et ab Horatio Tvscanella Italicè interpretati",lat|ita,lat,0,1,0
9911047070101488,Sanctissimo domino nostro Benedicto papæ XIV. Summarium Academiæ & Facultatis artium LovaniensisSanctissimo domino nostro Benedicto papae XIV Summarium Academiae et Facultatis artium Lovaniensis,lat,,1,0,0
998761950101488,"Jan-Frans Van de Velde (1743-1823), de Eximius van Beveren.Jean-François Van de Velde (1743-1823), docteur en théologie",dut|fre,,0,1,0
9919404260101488,Tabvla in grammaticen Hebræamautore Nicolao Clenardo./Tabula in grammaticen Hebraeam,lat|heb,,0,1,0
992387050101488,"Zegeri Bernardi Van Espen Opera canonica quae hactenus in lucem prodierunt. Quibus accedit in hac secunda editione Commentarius in canones et decreta juris veteris ac novi, et in jus novissimum. Opus posthumum ejusdem authoris.Opera canonica quae hactenus in lucem prodierunt",lat,,1,0,0
9911201940101488,"Tabvlæ totivs dialectices artium reliquarum instrumenti, præcepta utilissima facili compendio complectentes,ordine perspicuo digestæ à Cornelio Valerio .../Tabulae totius dialectices artium reliquarum instrumenti, praecepta utilissima facili compendio complectentes ...",lat,,1,0,0
9988510520101488,"Commentarivs Erasmi Roterodami in Nvcem Ouidij, ad Ioannẽ Morum, Thomæ Mori filium.Eiusdem Commentarius in duo hymnos Prudentij, ad Margaretam Roperam Thomæ Mori filiam./Commentarius Erasmi Roterodami in Nucem Ovidii, ad Ioannem Morum, Thomae Mori filium./Eiusdem Commentarius in duo hymnos Prudentii, ad Margaretam Roperam Thomae Mori filiam",lat,,1,0,0
9922526700101488,"Adriani ScrieckI RodornI Monitorvm secvndorvm libri V.Quibus originum rerumq. Celticarum & Belgicarum opvs suum nuper editum, altiùs & auctiùs è fontibus Hebraicis, ipsâq. rerum origine deducit, probat, firmatq. .../Adriani Scrieckii Rodornii Monitorum secundorum libri V. Quibus originum rerumque Celticarum & Belgicarum opus suum nuper editum, altius & auctiùs è fontibus Hebraicis, ipsaque rerum origine deducit, probat, firmatque .../Monitorum secundorum libri V.",lat|dut|heb|grc,,0,1,0
9914007700101488,Libellus de potestate summi potificiseditus a fratre Thoma Illyrico .../Libellus de potestate summi pontificis,lat,,1,0,0
9983885510101488,Vopisci Fortvnati Plempii ... Ophthalmographia sive Tractatio de ocvloCui præter alia accessere affectionum ocularium curationes ad ... Gasparem de Bracamonte y Gusman/Vopisci Fortunati Plempii ... Ophthalmographia sive Tractatio de oculo/Ophthalmographia sive Tractatio de oculo,lat,,1,0,0
9915613280101488,I. LipsI De recta pronvnciatione Latinæ lingvæ dialogvsDe recta pronunciatione Latinae linguae dialogus/J. Lipsii De recta pronunciatione Latinae linguae dialogus,lat,,1,0,0
9923485810101488,"Institutiones linguæ Græcæ,olim quidem scriptæ à Nicolao Clenardo, nunc autem ab erroribus multis expurgatæ, meliori ordine digestæ, atque ita locupletatæ, ut altera parte prodeant auctiores, studiô atque operâ Gerardi Jo. Vossii/Institutiones linguae Graecae",lat|grc,,0,1,0
9915374940101488,Reglemens pour l'université et la ville de Louvain au fait des logemens des gens de guerre,fre,,1,0,0
9990156720101488,"Colloqujdi Gio. Lodovico Vives latini, e italiani tradotti da un sacerdote Fiorentino per esercizio dell'una e dell'altra lingua.",ita|lat,lat,0,1,0
9929665030101488,Singularia plurimorũ docto. Utilissima ac admodũ necessaria singularia pclarissima pfundissimorũ in memoria et excellẽtissimorũ iurisconsultorũ dominorum: videlicet.Singularia Ludouici Romani: cũ additiõb' Jo. Baptiste Castellonei. Singularia Matthei Mathesilani: cũ ornamentis additis per eundẽ Joannem Baptistam. Singularia Franciscis Cremensis: cũ lucubratiõbus ac additionib' ... per ... Joannem Baptistam. Sing. Ant. Croseti ... Singularia Petri Gerardi de Petrasctã ... Singu. Guilel. de Ludo ... Singularia Amanelli de Claris ... Addidimus preterea. Singu. Pauli de castro. ... cũ castigatione ... Joãnis Thierry Lingonensis .../Singularia plurimorum doctorum. Utilissima ac admodum necessaria singularia preclarissima profundissimorum in memoria et excellentissimorum iurisconsultorum dominorum:videlicet.,lat,,1,0,0
992825160101488,"Evclidis Elementorvm libri XV. græcè & latinè, quibus, cùm ad omnem mathematicæ scientiæ partem, tùm ad quamlibet geometriæ tractationem, facilis comparatur aditus.Euclidis Elementorum libri XV. græcè & latinè, quibus, cùm ad omnem mathematicæ scientiæ partem, tùm ad quamlibet geometriæ tractationem, facilis comparatur aditus.",lat|grc,,0,1,0
9915813940101488,"Avis doctrinal du chapitre métropolitain de Malines & du chapitre cathédral d'Anvers, sur le Séminaire-Général.",fre,,1,0,0
998620470101488,"Het Priesterambt.Aen den weleerweerden heer Petrus-Franc.-Xaverius de Ram, ter gelegenheyd van zyn eerste plegtig misoffer aen God opgedragen in de collegiale kerk van den H. Gummarus binnen Lier, den 1 van bloeymaend M.D.CCC.XXVII./Gedicht.",dut,,1,0,0
9988144510101488,"Thomæ Mori ... Omnia, quæ hucusque ad manus nostras peruenerunt, Latina opera:quorum aliqua nunc primum in lucem prodeunt, reliqua verò multo quàm antea castigatiora .../Omnia quae hucusque ad manus nostras pervenerunt, Latina opera",lat|grc,,0,1,0
998207320101488,"Petri Gudelini ... De ivre feudorum et pacis commentarii, ad mores Belgii ac Franciae conscripti : quibus in hac iterata editione accessêre Henrici Zoesii ... Praelectiones fevdales.De iure feudorum et pacis commentarii, ad mores Belgii ac Franciae conscripti : quibus in hac iterata editione accessêre Henrici Zoesii ... Praelectiones feudales",lat,,1,0,0
9918340800101488,"Combien l'histoire des provinces belgiques est intéressante : dissertation qui sert de prospectus et de préface générale a la collection nouvelle des historiens des Pays-BasBelgicarum rerum prodromus; sive De historia Belgica ejusque scriptoribus præcipuis commentatio/qua vulgandorum monumentorum series, præfatio, argumentum operis, et summa rerum capita exhibentur. Ex bibliotheca Cornelii Francisci de Nelis ...",lat|fre,,0,1,0
9914786050101488,"Ecclesia in terra militans, in purgatorio patiens, in cælo triumphans. Adversus hujus temporis hæreticos,compendio exhibita a F. Bonaventura Moors ...",lat,,1,0,0
9912110800101488,"Consvltations et advis prins es vniuersitez, consaux, & villes principalles des prouinces de leurs altezes ... & d'autres Princes voisins, de la part d'illustrissime ... Charles ... de Croy ... en la cavse qu'il a contre ... Cathérine de Gonsaga ...Consultations et advis prins es universitez, consaux, & villes principalles des provinces de leurs altezes ... & d'autres Princes voisins, de la part d'illustrissime ... Charles ... de Croy ... en la cause qu'il a contre ... Cathérine de Gonsaga ...",fre|lat,,0,1,0
9911804250101488,"Aesopi Phrygis vita per Maximvm Planvdem conscripta, & fabulæ recens è Græco Latinæ factæ.Gabriæ Græci fabellæ XLIIII./Aesopi Phrygis vita per Maximum Planudem conscripta",lat,grc,1,0,1
9983948780101488,Decisionvm curiæ Brabantiæ sesqvi-centvriaauthore ... Petro Stockmans./Decisionum curiae Brabantiae sesqui-centuria,lat,,1,0,0
99631920101488,"Ioannis Lodovici Vivis, Valentini, De veritate fidei christianæ libri V.In quibus de religionis nostræ fundamentis, contra ethnicos ... & perverse christianos ... disputantur./De veritate fidei christianae libri V.",lat,,1,0,0
9911467690101488,"Simeonis de Muis ... Commentarius literalis et historicus in omnes Psalmos Davidis, et selecta Veteris Testamenti cantica, ad editionem optimam Parisiensem anni M.DC.L. recusus.Accesserunt Jacobi Benigni Bossuet ... Notæ in Psalmos et aliquot cantica : ejusdem Supplenda in psalmos, et Dissertatio Gallica in psalmum XXI. Supremam pagellarum oram occupat psalmorum triplex versio : Vulgata, Hieronymiana, et Muisiana .../Commentarius literalis et historicus in omnes Psalmos Davidis",lat|fre,,0,1,0
9989700080101488,"Les dialogves de Iean Loys Vives traduits de latin en françois pour l'exercice des deux langues. ...Ausquels est adioustée l'explication françoise des mots latins ... par Gilles de Hovsteville. Auec ample declaration, & traduction des passages grecs et latin, par P. de la Motte./Les dialogues",fre|lat,lat,0,1,0
9924783270101488,Institutiones absolvtissimae in lingvam graecamNicolao Clenardo avtore. Annotationes in nominum verborumque difficultates .../Institutiones absolutissimae in linguam graecam,lat|grc,,0,1,0
9915431160101488,"Academiæ Lovaniensis ac in ea facultatis artium defensio per quam privilegium nominandi graduatis Lovaniensibus concessum, quoad provincias Gallo-Belgicas regi christanissimo subjectas etiamnùm vigêre & subsistere ostenditur, simulque Parisiensium & Duacenorum, qui illud sibi arrogare contendunt, rationes & molimina confutantur.",lat,,1,0,0
9914916550101488,"Esquisse biographique de Pierre de Corte (Curtius), premier évêque de Bruges, ancien professeur de l'Université de Louvain",fre,,1,0,0
9979957960101488,"Ant. Perezi ... Prælectiones in duodecim libros Codicis Justiniani imp.quibus leges omnes & authenticæ perpetuâ serie explicantur, mores hodierni inseruntur, & quid sit juris antiqui, novi, & novissimi, enodatur, ac breviter exponitur./Ant. Perezii ... Praelectiones in duodecim libros Codicis Justiniani imp./Prælectiones in duodecim libros Codicis Justiniani imp.",lat,,1,0,0
9923478490101488,Institvtiones in lingvam graecamper Nicolaum Clenardum./Institutiones in linguam graecam,lat|gre,,0,1,0
9911777280101488,"Tabvla in grammaticen Hebræam,authore Nicolao Clenardo. A Iohãne Quinquarboreo Aurilacensi à mendis quibus scatebat repurgata, & annotationibus illustrata./Tabula in grammaticen Hebraeam",lat|heb,,0,1,0
9912376430101488,Roberti Britanni ... Agricvltvrae encomivm.Agriculturae encomium,lat,,1,0,0
9978982970101488,"Relationis operum ex aliquo benevolentiæ in Deum affectu obligatio, ac necessitas strenue asserta, ac vindicata adversus dd. Vanoye ...per theologum Lovaniensem.",lat,,1,0,0
9924249690101488,And. Schotti ... Tvllianarvm qvæstionvm de instauranda Ciceronis Imitatione libri IIII.Tullianarum quaestionum de instauranda Ciceronis Imitatione libri IIII.,lat|grc,,0,1,0
9915759390101488,"ΛΥΚΟΦΡΟΝΟΣ ΤΟΥ ΧΑΛΚΙΔΕΩΣ ΑΛΕΞΑΝΔΡΑ. Lycophronis Chalcidensis Alexandra, sive Cassandra,cvm versione et commentario Gvilielmi Canteri, paraphrasin, notas ... adiecit, ac praefatvs est Henricvs Godofredvs Reichardvs .../Alexandra sive Cassandra/Lykophronos tou Chalkideōs Alexandra",lat|grc,grc,0,1,0
992771260101488,"Consultatio doctorum Lovaniensium, pro monasteriorum redintegratione.Consultation de mm. les docteurs de Louvain, sur le rétablissement des monastères supprimés.",lat|fre,,0,1,0
9991033100101488,"Epistola IV. presbyteri Lovaniensis ad presbyterum Ultrajectensem Romano-catholicum,cum observationibus in quinque epistolas anonymas, quæ adversùs geminas dissertationes eximii D. Hermanni Damen nuper prodierunt.",lat,,1,0,0
9980130870101488,"Clarissimi viri Henr. Zoesii ... Commentarius in jus canonicum universum, sive Ad decretales epistolas Gregorii IX P.M.Nunc a ... Joanne Nabben, et Mauritio à Geismaer ... revisus & additamentis illustratus ac locupletatus. .../Cl. vir. H. Zoesivs Ad ivs canonicvm/Commentarius in jus canonicum universum, sive ad Decretales epistolas Gregorii IX P.M.",lat,,1,0,0
9914944830101488,"Staatkundige vermaningen en voorbeelden, die de deughden en zonden der vorsten betreffen.Nieuwelijks door I.H. Glazemaker vertaalt.",dut,,1,0,0
